Date,Open,High,Low,Close,Adj Close,Volume
2000-01-03,28.0625,28.75,27.125,27.1875,22.893835,1730100
2000-01-04,27.25,28.0,26.875,27.375,23.051725,1373300
2000-01-05,27.375,27.8125,26.5,26.5,22.314917,1450800
2000-01-06,26.625,27.375,26.5,26.6875,22.472804999999997,1269400
2000-01-07,27.0,28.4375,26.375,27.6875,23.314875,1509400
2000-01-10,29.0,29.0,27.625,28.0,23.57803,1381500
2000-01-11,28.0,28.125,27.5625,27.875,23.472765,1357200
2000-01-12,28.0,29.125,28.0,28.4375,23.946434,2002200
2000-01-13,28.5,28.75,28.125,28.125,23.683287,1132200
2000-01-14,28.25,28.375,27.4375,27.5,23.15699,1553000
2000-01-18,27.625,28.1875,27.5,27.5625,23.20962,1095600
2000-01-19,27.875,28.4375,27.25,27.25,22.946472,2531300
2000-01-20,27.0,27.0625,26.125,26.125,21.99914,1705800
2000-01-21,26.125,26.1875,24.5,25.25,21.262327,3337200
2000-01-24,25.6875,25.75,25.0625,25.0625,21.104433,1050900
2000-01-25,25.3125,25.4375,24.125,24.125,20.314997,1206900
2000-01-26,24.25,24.875,24.25,24.375,20.525517,935900
2000-01-27,24.5,24.875,24.375,24.8125,20.893919,645700
2000-01-28,24.625,24.6875,23.0625,23.4375,19.736069,1650000
2000-01-31,23.25,23.75,22.75,23.75,19.99922,1505000
2000-02-01,23.6875,24.5,23.25,24.0,20.209738,1224500
2000-02-02,23.9375,24.0,22.625,23.25,19.578178,1013300
2000-02-03,22.75,23.25,22.4375,22.75,19.157148,1733600
2000-02-04,22.8125,23.0,22.25,22.25,18.736107,917200
2000-02-07,22.625,23.4375,22.1875,23.0,19.367666,1357200
2000-02-08,23.25,23.4375,22.0625,22.0625,18.578222,1651700
2000-02-09,22.125,23.9375,22.125,22.75,19.157148,2877600
2000-02-10,23.125,23.625,22.5625,23.0,19.367666,2212100
2000-02-11,23.0,23.125,21.875,21.875,18.42033,1912400
2000-02-14,21.625,23.125,21.625,22.0,18.783188,1925000
2000-02-15,22.0,25.125,21.9375,23.875,20.384033,2625900
2000-02-16,25.25,25.25,23.625,23.9375,20.437389000000003,1907700
2000-02-17,24.375,24.375,23.375,23.375,19.95714,833300
2000-02-18,23.4375,24.3125,22.875,23.625,20.170582,1730500
2000-02-22,23.6875,25.4375,23.5,24.375,20.810921,1546500
2000-02-23,24.5,24.875,24.125,24.125,20.597479,1164500
2000-02-24,24.125,24.8125,23.4375,23.4375,20.010507999999998,1613600
2000-02-25,23.6875,24.4375,22.875,22.875,19.530245,1234700
2000-02-28,22.9375,23.375,22.625,22.75,19.423527,1035100
2000-02-29,22.375,22.9375,22.0625,22.875,19.530245,1413800
2000-03-01,22.625,22.75,21.625,21.625,18.463022,1815700
2000-03-02,22.5,22.625,21.75,22.4375,19.156715,1135600
2000-03-03,22.1875,23.125,21.875,22.0625,18.83655,964900
2000-03-06,22.0,22.3125,21.5,21.5625,18.409658,940300
2000-03-07,21.5,21.5625,20.75,20.75,17.715957999999997,1377400
2000-03-08,21.0,21.75,20.625,20.6875,17.662598000000003,1512300
2000-03-09,20.5,21.5625,20.375,20.625,17.60924,1092000
2000-03-10,20.875,21.75,20.5,20.875,17.822687,1306300
2000-03-13,20.5,21.0,20.5,20.5625,17.555878,1155500
2000-03-14,20.625,20.875,20.375,20.375,17.395794,1018600
2000-03-15,20.5,22.375,20.4375,21.9375,18.729828,1259300
2000-03-16,23.875,24.1875,22.75,23.0,19.636972,2280600
2000-03-17,23.125,24.9375,23.0625,23.4375,20.010507999999998,1639000
2000-03-20,24.0,24.1875,23.3125,23.3125,19.903772,833900
2000-03-21,23.1875,24.5,23.0,23.75,20.277304,1057700
2000-03-22,23.75,24.1875,23.3125,23.4375,20.010507999999998,676500
2000-03-23,23.375,23.875,23.1875,23.5625,20.117226000000002,584800
2000-03-24,23.5625,24.25,23.4375,24.125,20.597479,849600
2000-03-27,24.0,24.125,23.625,24.0625,20.544114999999998,840700
2000-03-28,23.625,23.75,23.0625,23.0625,19.690331,888600
2000-03-29,23.0,23.0625,22.5625,22.75,19.423527,1153100
2000-03-30,22.875,23.8125,22.75,23.4375,20.010507999999998,943000
2000-03-31,23.375,23.4375,22.875,23.3125,19.903772,1297500
2000-04-03,23.4375,25.5,22.9375,25.3125,21.611341,1682900
2000-04-04,26.0,27.0625,25.75,26.4375,22.571846,3625700
2000-04-05,26.625,27.1875,26.375,26.5625,22.678566,1189500
2000-04-06,26.5625,27.1875,26.3125,26.5,22.625204,824400
2000-04-07,26.5,26.5625,25.0625,25.0625,21.397896,845100
2000-04-10,25.5,28.5,25.25,28.5,24.332769,2361000
2000-04-11,29.25,29.8125,28.1875,29.0625,24.813015,3233900
2000-04-12,29.25,29.6875,28.625,29.0,24.759657,1614600
2000-04-13,30.0,31.625,29.1875,29.875,25.506718,2658500
2000-04-14,30.125,30.5625,27.5625,27.5625,23.532349,2358900
2000-04-17,28.1875,29.5,28.0625,28.625,24.439491,1454800
2000-04-18,28.5,29.125,28.25,28.75,24.546211,1069400
2000-04-19,28.8125,29.5,28.25,28.5,24.332769,736800
2000-04-20,28.5625,28.875,28.1875,28.8125,24.599575,770300
2000-04-24,28.5625,29.3125,28.25,29.0,24.759657,864500
2000-04-25,29.875,29.9375,29.1875,29.625,25.293267999999998,1171200
2000-04-26,29.5625,30.0,29.3125,29.4375,25.133188,616900
2000-04-27,29.1875,29.4375,28.75,29.0625,24.813015,852500
2000-04-28,29.0,29.0625,27.25,27.625,23.585709,1383100
2000-05-01,28.125,28.625,28.0,28.1875,24.06596,1465800
2000-05-02,28.1875,29.4375,28.0625,28.625,24.439491,729400
2000-05-03,28.375,28.6875,28.25,28.375,24.226048000000002,651400
2000-05-04,28.375,28.625,28.25,28.5,24.332769,472400
2000-05-05,28.25,28.375,27.375,27.375,23.372265,559400
2000-05-08,28.125,28.75,28.0,28.0,23.905876,669800
2000-05-09,28.0,28.9375,28.0,28.0,23.905876,854100
2000-05-10,28.0,28.3125,27.125,27.25,23.265537,652400
2000-05-11,27.3125,28.5,27.1875,28.1875,24.06596,528500
2000-05-12,28.125,28.25,27.25,27.4375,23.677618,819900
2000-05-15,27.25,27.3125,26.0625,26.125,22.544983,1035200
2000-05-16,25.625,26.1875,25.25,25.5625,22.059563,1534200
2000-05-17,25.625,26.1875,25.625,25.625,22.113503,1033200
2000-05-18,25.625,25.6875,24.6875,25.1875,21.735951999999997,941800
2000-05-19,25.1875,25.375,24.25,24.3125,20.980857999999998,745400
2000-05-22,24.5625,24.8125,24.125,24.125,20.819054,754900
2000-05-23,24.75,25.75,24.5,25.1875,21.735951999999997,1049600
2000-05-24,25.3125,26.375,25.3125,25.8125,22.275309,705100
2000-05-25,25.5,25.6875,25.0,25.0,21.574148,673500
2000-05-26,25.25,25.375,24.0625,24.0625,20.765118,770700
2000-05-30,24.5,26.0,24.5,25.125,21.682016,1404100
2000-05-31,25.0,25.6875,24.875,24.875,21.466274,1164900
2000-06-01,25.25,26.5625,25.1875,26.1875,22.598921,1020900
2000-06-02,27.25,27.875,26.5625,27.8125,24.001238,1428100
2000-06-05,28.3125,28.375,27.8125,28.125,24.270916,1150600
2000-06-06,28.0625,28.125,27.25,27.5625,23.785505,1320500
2000-06-07,27.5,27.625,27.125,27.4375,23.677618,723700
2000-06-08,27.4375,28.125,27.4375,27.6875,23.893368,674700
2000-06-09,27.6875,27.75,27.0625,27.125,23.407948,777100
2000-06-12,27.1875,27.25,26.5625,26.5625,22.922531,841900
2000-06-13,26.5625,27.25,26.5625,27.0625,23.354012,796900
2000-06-14,27.125,27.75,27.0,27.5,23.73156,658100
2000-06-15,26.0,27.0,26.0,26.4375,22.814660999999997,1508300
2000-06-16,26.0,26.0,24.25,24.5,21.142661999999998,2037300
2000-06-19,24.5,24.5625,22.625,23.375,20.171829000000002,2338200
2000-06-20,23.3125,23.3125,22.5,23.0,19.848217,1288400
2000-06-21,22.75,23.4375,22.75,23.0,19.848217,636400
2000-06-22,23.0,23.125,22.0,22.375,19.308863,1472500
2000-06-23,22.3125,23.0625,22.25,22.8125,19.686409,1260300
2000-06-26,22.875,23.0,22.625,22.6875,19.578539000000003,581500
2000-06-27,22.6875,23.5,22.625,22.8125,19.686409,1401700
2000-06-28,23.5,23.9375,22.8125,23.3281,20.131351000000002,1081000
2000-06-29,23.0625,23.0625,21.0,21.0,18.122286,2528800
2000-06-30,21.25,21.6875,19.75,20.0,17.259319,2862400
2000-07-03,20.5,21.0625,20.4375,20.625,17.798679,1255200
2000-07-05,21.125,22.0,21.0625,21.4375,18.499832,1583200
2000-07-06,21.375,21.4375,20.6875,21.25,18.338024,1016600
2000-07-07,21.125,21.125,20.1875,20.375,17.582929999999998,1093100
2000-07-10,20.375,21.9375,20.3125,21.6875,18.715572,1050600
2000-07-11,21.8125,21.875,21.25,21.25,18.338024,1073500
2000-07-12,21.5,22.375,21.4375,21.5,18.553762,880100
2000-07-13,22.0,22.0,21.5625,21.625,18.661634,589700
2000-07-14,21.6875,21.75,21.1875,21.3125,18.391958,1204800
2000-07-17,21.375,21.625,21.25,21.2812,18.364952,568200
2000-07-18,21.875,21.875,21.5,21.5,18.553762,759100
2000-07-19,21.75,22.375,21.6875,21.8125,18.823439,709400
2000-07-20,21.8125,22.0625,21.25,21.3125,18.391958,505900
2000-07-21,21.25,21.75,21.25,21.3125,18.391958,565400
2000-07-24,21.3125,22.25,21.3125,21.75,18.76951,834700
2000-07-25,21.75,21.8125,21.25,21.3125,18.391958,630600
2000-07-26,21.1875,21.375,20.5,20.5,17.690794,1012500
2000-07-27,20.75,21.25,20.375,20.4375,17.636860000000002,673000
2000-07-28,20.5,21.25,20.4375,20.625,17.798679,388500
2000-07-31,20.5625,20.625,19.9375,19.9375,17.205382999999998,1234100
2000-08-01,19.6875,20.3125,19.5625,20.0625,17.313254999999998,1347100
2000-08-02,20.3125,20.375,20.125,20.1875,17.421122,638700
2000-08-03,20.25,20.875,20.0625,20.75,17.906546,773100
2000-08-04,20.625,20.75,20.5,20.625,17.798679,523400
2000-08-07,20.5,21.375,20.5,21.0625,18.17622,769200
2000-08-08,21.125,22.4375,21.0625,22.125,19.093121,1920300
2000-08-09,23.75,24.4375,23.5,23.5625,20.333633,2804100
2000-08-10,23.875,24.0,22.5625,23.125,19.956083,1930100
2000-08-11,23.25,23.5,23.125,23.375,20.436957999999997,787000
2000-08-14,24.125,24.25,23.5625,23.5625,20.600889000000002,1208700
2000-08-15,23.6875,24.1875,23.1875,23.625,20.655531,1199900
2000-08-16,23.125,23.5,22.375,23.1875,20.273022,1459100
2000-08-17,23.4375,23.4375,22.875,23.0625,20.163732999999997,801800
2000-08-18,23.0,23.875,23.0,23.625,20.655531,929600
2000-08-21,23.75,24.75,23.6875,24.1875,21.147333,1214300
2000-08-22,24.5625,25.0625,24.4375,24.5625,21.475197,1604700
2000-08-23,24.5625,24.5625,23.5625,23.5625,20.600889000000002,1102700
2000-08-24,23.625,23.8125,23.3125,23.375,20.436957999999997,934500
2000-08-25,23.625,23.6875,22.75,22.9375,20.054447,1012400
2000-08-28,22.8125,24.0625,22.8125,23.8125,20.819468,1098200
2000-08-29,23.75,23.75,23.0625,23.0625,20.163732999999997,761700
2000-08-30,23.0625,23.5,22.9375,22.9375,20.054447,858300
2000-08-31,22.8125,23.9375,22.375,23.3906,20.450596,1463900
2000-09-01,23.25,23.625,23.0625,23.125,20.21838,1255200
2000-09-05,23.375,25.625,23.1875,24.8125,21.693773,1965100
2000-09-06,25.125,26.75,25.125,26.0,22.732016,2226800
2000-09-07,26.25,26.375,24.3125,24.5,21.420551,2338800
2000-09-08,24.5,24.5,23.5,23.5,20.546246,1707000
2000-09-11,23.5,24.5,23.5,24.375,21.311262,1068000
2000-09-12,24.0625,24.25,22.625,22.625,19.781221,1935200
2000-09-13,22.6875,23.75,22.625,22.8125,19.945152,1245500
2000-09-14,22.875,23.25,22.5,22.5625,19.72658,1217700
2000-09-15,22.625,22.625,22.25,22.3125,19.508001,1175300
2000-09-18,22.375,23.0,21.6875,22.375,19.562649,1529200
2000-09-19,22.4375,22.75,21.75,21.875,19.12549,1036200
2000-09-20,21.625,21.6875,20.9375,21.0,18.360474,1391400
2000-09-21,18.875,19.875,17.6875,18.125,15.84684,6849900
2000-09-22,17.375,19.0,17.25,18.5,16.174704000000002,3360100
2000-09-25,18.9,18.93,18.540001,18.549999,16.218414000000003,1550500
2000-09-26,18.51,18.799999,18.139999,18.49,16.165956,1295300
2000-09-27,18.440001000000002,18.440001000000002,17.549999,18.02,15.755035000000001,1477400
2000-09-28,18.0,18.950001,18.0,18.73,16.375792,1064000
2000-09-29,18.4,18.49,17.950001,18.0,15.737549,1792500
2000-10-02,18.01,18.370001000000002,18.0,18.290001,15.991101,859800
2000-10-03,18.200001,18.870001000000002,17.27,17.290001,15.116789,2590800
2000-10-04,17.75,18.620001000000002,17.6,18.17,15.886179,1973400
2000-10-05,18.200001,18.5,17.6,17.6,15.387820999999999,1439800
2000-10-06,17.5,18.1,17.0,17.549999,15.34411,2096300
2000-10-09,17.299999,17.76,17.16,17.299999,15.125531,1672900
2000-10-10,17.299999,17.65,17.0,17.01,14.871985,1773500
2000-10-11,17.1,17.200001,15.6,15.6,13.639207999999998,2899900
2000-10-12,16.5,16.5,15.71,16.030001000000002,14.015158,1961200
2000-10-13,16.01,16.299999,15.82,15.9,13.901501999999999,1604400
2000-10-16,16.0,17.1,16.0,16.59,14.504771,1440600
2000-10-17,16.52,16.700001,16.299999,16.49,14.417341,1096400
2000-10-18,16.24,17.120001000000002,16.040001,17.049999,14.906953,1202400
2000-10-19,17.059998999999998,17.48,17.0,17.0,14.863241,1161400
2000-10-20,17.0,17.719998999999998,16.9,17.15,14.994383,1261800
2000-10-23,17.0,17.1,16.700001,16.950001,14.819528,1090800
2000-10-24,16.5,16.799999,16.299999,16.780001000000002,14.670895000000002,2782100
2000-10-25,16.450001,17.040001,16.299999,16.75,14.644663000000001,1758700
2000-10-26,16.549999,17.5,16.51,17.4,15.212964999999999,1385200
2000-10-27,17.200001,17.6,17.049999,17.6,15.387820999999999,1161300
2000-10-30,17.6,19.049999,17.6,18.549999,16.218414000000003,1668700
2000-10-31,18.75,19.700001,18.5,18.5,16.174704000000002,1658500
2000-11-01,19.25,19.370001000000002,18.5,18.5,16.174704000000002,1357100
2000-11-02,19.0,19.190001000000002,18.85,18.940001000000002,16.559401,1026600
2000-11-03,19.0,19.190001000000002,18.01,18.040001,15.772526000000001,1087300
2000-11-06,18.049999,18.6,18.0,18.24,15.947381,863100
2000-11-07,18.48,18.690001000000002,18.15,18.5,16.174704000000002,728200
2000-11-08,18.6,18.6,18.0,18.129998999999998,15.85121,635100
2000-11-09,18.02,18.4,17.6,18.18,15.894927,747600
2000-11-10,18.0,18.49,17.5,17.5,15.300396,713700
2000-11-13,17.049999,17.75,17.01,17.49,15.291653,667800
2000-11-14,17.440001000000002,18.049999,17.280001000000002,17.870001000000002,15.896557000000001,1264800
2000-11-15,18.0,18.459999,17.879998999999998,18.1,16.101154,1104400
2000-11-16,18.1,18.200001,17.620001000000002,17.92,15.941035999999999,1177200
2000-11-17,17.92,18.5,17.76,18.440001000000002,16.403608,1021700
2000-11-20,18.440001000000002,18.5,17.950001,18.120001000000002,16.11895,952300
2000-11-21,17.75,17.75,17.16,17.530001000000002,15.594102,1390700
2000-11-22,16.9,17.5,16.700001,17.370001000000002,15.451772,1304100
2000-11-24,17.120001000000002,17.49,17.059998999999998,17.389999,15.469567000000001,501500
2000-11-27,17.4,17.5,17.15,17.459999,15.531835999999998,1045300
2000-11-28,17.4,17.57,17.0,17.02,15.140423,746200
2000-11-29,17.02,17.35,17.0,17.190001000000002,15.291653,725700
2000-11-30,17.02,17.200001,16.709999,16.950001,15.078160999999998,1043100
2000-12-01,16.959999,17.6,16.91,17.459999,15.531835999999998,745900
2000-12-04,17.209999,18.35,17.0,18.18,16.172323000000002,1569300
2000-12-05,18.700001,19.75,18.25,19.09,16.981829,1958000
2000-12-06,19.09,19.190001000000002,17.91,18.02,16.029993,895700
2000-12-07,17.950001,18.219998999999998,17.860001,17.860001,15.887659,922700
2000-12-08,17.870001000000002,18.379998999999998,17.870001000000002,18.25,16.234592000000003,1096900
2000-12-11,18.75,18.75,18.24,18.25,16.234592000000003,972400
2000-12-12,18.5,19.200001,18.32,18.870001000000002,16.786129000000003,1250100
2000-12-13,18.700001,18.98,18.33,18.52,16.474775,1013100
2000-12-14,18.51,18.75,18.25,18.26,16.243485999999997,743500
2000-12-15,18.200001,18.35,17.75,18.09,16.092257999999998,1029100
2000-12-18,18.09,19.25,18.02,18.99,16.892872,1514100
2000-12-19,18.99,19.620001000000002,18.610001,19.0,16.901770000000003,1047500
2000-12-20,19.0,19.33,18.389999,19.24,17.115263,1536000
2000-12-21,19.24,19.379998999999998,19.0,19.379998999999998,17.239798999999998,1201700
2000-12-22,19.6,21.110001,19.51,21.08,18.752066,1494300
2000-12-26,20.85,22.290001,20.85,22.26,19.801756,1410300
2000-12-27,22.26,24.09,22.26,23.959999,21.314018,1840800
2000-12-28,23.5,23.799999,22.01,23.700001,21.082729,1582300
2000-12-29,23.700001,23.709999,22.700001,22.99,20.451138,1199900
2001-01-02,22.950001,23.290001,22.540001,22.719998999999998,20.210953,1548700
2001-01-03,22.74,23.799999,22.26,23.77,21.145001999999998,1200700
2001-01-04,23.799999,25.09,23.799999,25.09,22.319226999999998,2119200
2001-01-05,25.25,25.25,24.5,24.780001000000002,22.043464999999998,1107800
2001-01-08,24.49,24.59,24.120001000000002,24.41,21.714319,1043200
2001-01-09,24.4,24.450001,23.809998999999998,24.01,21.358496,1455200
2001-01-10,24.0,24.200001,22.5,23.610001,21.002670000000002,2022100
2001-01-11,23.6,23.74,22.780001000000002,23.450001,20.860336,1953700
2001-01-12,23.4,23.4,22.950001,23.370001000000002,20.789175,930000
2001-01-16,23.370001000000002,24.0,23.370001000000002,23.83,21.198373999999998,1088600
2001-01-17,23.84,24.18,23.799999,23.940001000000002,21.296232,820500
2001-01-18,23.940001000000002,24.25,23.889999,24.129998999999998,21.465244000000002,801500
2001-01-19,24.120001000000002,24.23,23.709999,23.9,21.260642999999998,1033700
2001-01-22,23.9,24.379998999999998,23.6,24.379998999999998,21.687637,725900
2001-01-23,24.200001,24.73,24.049999,24.73,21.998985,806800
2001-01-24,24.98,25.0,24.77,24.959999,22.203585,838800
2001-01-25,25.0,25.0,24.690001000000002,24.98,22.221376,965900
2001-01-26,24.99,24.99,23.92,24.9,22.150213,793200
2001-01-29,24.9,25.15,24.799999,25.1,22.328121,903500
2001-01-30,25.25,26.27,24.9,26.15,23.262165,1240500
2001-01-31,26.15,27.1,25.76,26.290001,23.386709,1378500
2001-02-01,26.5,26.59,25.83,25.959999,23.093151000000002,1127000
2001-02-02,25.799999,26.950001,25.309998999999998,25.559998999999998,22.737322,1700200
2001-02-05,25.559998999999998,26.059998999999998,25.17,26.01,23.137632,1084200
2001-02-06,26.26,26.5,25.91,26.35,23.440079,872800
2001-02-07,26.360001,26.5,25.389999,25.66,22.826276999999997,847800
2001-02-08,25.65,25.65,25.290001,25.450001,22.639471,799900
2001-02-09,25.08,25.08,23.6,23.959999,21.314018,2289200
2001-02-12,24.4,24.49,23.51,24.219998999999998,21.545298000000003,1315800
2001-02-13,24.0,24.299999,23.65,23.98,21.599346,745800
2001-02-14,24.450001,24.549999,23.120001000000002,24.200001,21.79751,1838100
2001-02-15,24.450001,25.799999,24.209999,25.24,22.734257,1886800
2001-02-16,24.75,25.65,24.75,25.0,22.518089,1259600
2001-02-20,25.01,25.84,25.01,25.25,22.743267000000003,1048900
2001-02-21,25.25,25.65,24.700001,24.790001,22.328936,863500
2001-02-22,24.790001,24.92,23.860001,24.299999,21.887575,1129300
2001-02-23,24.049999,24.5,23.75,24.4,21.977654,960600
2001-02-26,24.85,25.59,24.66,25.25,22.743267000000003,833400
2001-02-27,25.299999,25.59,25.24,25.5,22.968451,878600
2001-02-28,25.51,25.790001,25.059998999999998,25.5,22.968451,807500
2001-03-01,25.5,25.6,24.74,24.950001,22.473051,1030600
2001-03-02,24.950001,26.209999,24.950001,25.98,23.400795000000002,913700
2001-03-05,25.98,26.450001,25.610001,26.450001,23.824137,1053900
2001-03-06,26.5,26.9,26.08,26.719998999999998,24.067326,979700
2001-03-07,26.75,27.49,26.74,27.09,24.4006,1528500
2001-03-08,27.049999,27.450001,26.4,27.299999,24.589748,1026700
2001-03-09,27.299999,27.469998999999998,27.0,27.35,24.634785,887500
2001-03-12,27.1,27.110001,25.25,25.459999,22.932417,1235400
2001-03-13,25.6,25.99,25.25,25.959999,23.382778,615500
2001-03-14,25.709999,25.709999,25.190001000000002,25.25,22.743267000000003,982000
2001-03-15,25.5,25.6,24.4,24.73,22.274889,1455300
2001-03-16,24.85,25.4,24.35,24.959999,22.482052,2293900
2001-03-19,25.0,25.5,24.75,25.360001,22.84235,1248700
2001-03-20,25.450001,25.719998999999998,24.700001,24.940001000000002,22.464039,1355400
2001-03-21,24.799999,24.799999,23.51,23.719998999999998,21.365161999999998,1442500
2001-03-22,23.6,23.620001000000002,22.700001,23.389999,21.067917,1341800
2001-03-23,23.389999,24.200001,23.0,24.030001000000002,21.644385999999997,994900
2001-03-26,24.0,24.5,23.629998999999998,24.190001000000002,21.788501999999998,740100
2001-03-27,24.200001,24.629998999999998,23.719998999999998,24.540001,22.103754000000002,829800
2001-03-28,24.290001,24.299999,23.629998999999998,23.950001,21.572323,741400
2001-03-29,23.9,24.25,23.4,23.68,21.329134,751900
2001-03-30,23.65,24.190001000000002,23.540001,23.85,21.482256,741800
2001-04-02,23.799999,24.48,23.799999,23.950001,21.572323,775200
2001-04-03,23.85,23.860001,22.74,22.799999,20.536497,865500
2001-04-04,22.799999,23.6,22.719998999999998,23.469998999999998,21.139975,683000
2001-04-05,23.469998999999998,23.700001,23.200001,23.389999,21.067917,939100
2001-04-06,23.299999,23.34,22.5,22.889999,20.617558,1592400
2001-04-09,22.700001,23.75,22.26,23.5,21.167004000000002,1206200
2001-04-10,23.25,24.35,23.25,24.280001000000002,21.869566,744200
2001-04-11,24.4,24.4,23.68,23.959999,21.581335,764300
2001-04-12,23.799999,24.24,23.68,24.24,21.833538,559100
2001-04-16,24.1,24.700001,24.049999,24.6,22.157797,713700
2001-04-17,24.49,24.5,24.040001,24.5,22.067728,392900
2001-04-18,24.4,26.49,24.35,26.24,23.634987,1839300
2001-04-19,25.92,26.1,25.27,25.790001,23.229657999999997,1058000
2001-04-20,25.65,25.93,25.0,25.18,22.680216,546100
2001-04-23,24.68,25.059998999999998,24.450001,24.58,22.13978,842700
2001-04-24,24.799999,25.49,24.799999,25.0,22.518089,955800
2001-04-25,25.0,25.0,24.33,24.639999,22.193825,639400
2001-04-26,24.549999,25.389999,24.35,25.17,22.671201999999997,815100
2001-04-27,25.120001000000002,25.4,24.799999,25.15,22.653191,561500
2001-04-30,25.15,25.280001000000002,24.610001,24.620001000000002,22.175810000000002,453400
2001-05-01,24.700001,24.85,24.5,24.719998999999998,22.265882,422900
2001-05-02,24.690001000000002,24.75,23.950001,24.629998999999998,22.184816,724700
2001-05-03,24.4,24.48,24.059998999999998,24.389999,21.968645000000002,534500
2001-05-04,24.389999,25.1,23.950001,24.9,22.428013,440800
2001-05-07,24.9,24.950001,24.709999,24.799999,22.33794,344700
2001-05-08,24.65,24.700001,24.360001,24.540001,22.103754000000002,474300
2001-05-09,24.35,24.860001,24.35,24.68,22.229855,398300
2001-05-10,24.5,25.559998999999998,24.450001,25.5,22.968451,877600
2001-05-11,25.200001,25.219998999999998,24.530001000000002,24.610001,22.430692999999998,476600
2001-05-14,24.5,24.6,24.25,24.57,22.394239000000002,383600
2001-05-15,24.57,25.1,24.18,24.959999,22.749701,873400
2001-05-16,25.1,26.92,24.83,26.9,24.51791,1482900
2001-05-17,26.4,28.5,26.280001000000002,27.01,24.618161999999998,2959900
2001-05-18,27.25,27.370001000000002,26.700001,27.290001,24.873373,1274600
2001-05-21,27.290001,28.75,26.950001,28.24,25.739248,2075900
2001-05-22,28.5,30.5,28.41,30.4,27.707973,3817800
2001-05-23,30.790001,30.889999,29.1,29.5,26.887669,2558800
2001-05-24,29.25,29.35,28.889999,29.129998999999998,26.55043,1073400
2001-05-25,28.879998999999998,29.24,28.75,28.889999,26.331684000000003,867900
2001-05-29,28.889999,29.299999,28.700001,28.950001,26.386366,1187300
2001-05-30,28.950001,29.030001000000002,28.52,28.879998999999998,26.322573,1036900
2001-05-31,28.879998999999998,29.280001000000002,28.879998999999998,29.110001,26.532203999999997,725300
2001-06-01,29.110001,30.1,28.799999,30.1,27.434538,1030200
2001-06-04,29.549999,29.57,28.360001,28.360001,25.848619,1418600
2001-06-05,28.360001,29.200001,28.25,29.190001000000002,26.60512,1341600
2001-06-06,29.190001000000002,29.33,28.91,29.1,26.523088,439400
2001-06-07,28.85,29.299999,28.799999,29.290001,26.696262,579200
2001-06-08,29.35,29.9,29.25,29.9,27.252246999999997,652900
2001-06-11,29.889999,29.9,29.1,29.17,26.586889000000003,451100
2001-06-12,28.75,28.85,28.6,28.799999,26.249657,530700
2001-06-13,28.299999,28.950001,28.299999,28.610001,26.076475,795000
2001-06-14,28.6,28.610001,27.48,27.700001,25.247063,614800
2001-06-15,27.299999,28.1,27.299999,27.98,25.502270000000003,748000
2001-06-18,28.25,28.700001,27.950001,28.370001000000002,25.857733,870400
2001-06-19,28.219998999999998,28.5,28.0,28.139999,25.648101999999998,629900
2001-06-20,28.5,28.93,28.25,28.76,26.213196,665600
2001-06-21,28.75,28.790001,28.15,28.790001,26.240543,527600
2001-06-22,28.780001000000002,28.780001000000002,27.92,27.93,25.456696,523200
2001-06-25,27.65,27.65,27.1,27.24,24.827801,767100
2001-06-26,26.389999,27.629998999999998,26.200001,27.389999,24.964514,936700
2001-06-27,27.49,28.4,27.41,27.85,25.383779999999998,571800
2001-06-28,27.85,28.52,27.799999,28.51,25.985332,612400
2001-06-29,28.51,28.700001,28.0,28.0,25.520498,842300
2001-07-02,28.01,28.99,28.0,28.65,26.112935999999998,615700
2001-07-03,28.5,28.700001,28.0,28.530001000000002,26.003563,427100
2001-07-05,28.530001000000002,28.530001000000002,27.9,28.389999,25.875958999999998,534200
2001-07-06,28.379998999999998,28.540001,28.01,28.110001,25.62076,568900
2001-07-09,28.120001000000002,28.4,27.77,28.08,25.593414000000003,403600
2001-07-10,28.25,28.309998999999998,27.82,28.309998999999998,25.803047,405000
2001-07-11,28.309998999999998,29.129998999999998,28.26,28.940001000000002,26.377258,686300
2001-07-12,29.0,30.0,28.959999,29.950001,27.297817,839400
2001-07-13,30.0,30.0,29.48,29.66,27.033496999999997,635600
2001-07-16,29.75,30.32,29.719998999999998,30.129998999999998,27.461878000000002,596400
2001-07-17,30.030001000000002,31.040001,29.799999,31.0,28.254837,1029300
2001-07-18,31.0,31.0,30.549999,30.99,28.245721999999997,586200
2001-07-19,31.0,31.51,30.700001,30.99,28.245721999999997,836700
2001-07-20,31.049999,32.099998,30.790001,31.639999,28.838163,1431300
2001-07-23,31.389999,31.6,29.540001,29.84,27.197561,1317100
2001-07-24,29.5,29.98,27.6,27.98,25.502270000000003,1926300
2001-07-25,27.98,28.5,27.559998999999998,28.389999,25.875958999999998,1523400
2001-07-26,28.299999,28.879998999999998,27.98,28.799999,26.249657,809200
2001-07-27,28.549999,28.719998999999998,28.200001,28.5,25.976217000000002,716300
2001-07-30,28.5,28.59,28.0,28.290001,25.784813,509100
2001-07-31,28.290001,28.799999,28.209999,28.58,26.049139,706700
2001-08-01,28.58,28.700001,28.15,28.4,25.885075,767300
2001-08-02,28.799999,28.799999,28.280001000000002,28.530001000000002,26.003563,640500
2001-08-03,28.530001000000002,28.530001000000002,28.08,28.25,25.74836,539300
2001-08-06,28.25,28.35,28.0,28.040001,25.556957,537300
2001-08-07,27.799999,28.040001,27.6,28.02,25.538725,363600
2001-08-08,27.709999,27.85,26.799999,26.91,24.527020999999998,631900
2001-08-09,26.950001,26.950001,26.25,26.85,24.472336,854500
2001-08-10,26.9,27.66,26.799999,27.48,25.046545000000002,677400
2001-08-13,27.5,27.799999,27.200001,27.66,25.210607999999997,837300
2001-08-14,27.4,27.450001,27.059998999999998,27.15,24.74577,476800
2001-08-15,27.200001,27.559998999999998,27.049999,27.18,25.049906,494900
2001-08-16,27.0,27.129998999999998,26.59,27.049999,24.930094,385800
2001-08-17,27.27,27.27,26.16,26.25,24.192787,817500
2001-08-20,26.25,26.25,25.1,25.42,23.427834,994200
2001-08-21,25.41,25.42,24.65,24.67,22.736618,861100
2001-08-22,25.0,25.459999,24.68,25.280001000000002,23.298813,1243500
2001-08-23,25.200001,25.200001,24.5,25.0,23.040751999999998,507700
2001-08-24,25.0,25.58,24.92,25.23,23.252726000000003,597200
2001-08-27,25.24,25.24,24.6,24.940001000000002,22.985462,605700
2001-08-28,25.1,25.450001,25.1,25.27,23.289597,869200
2001-08-29,25.4,25.48,24.67,24.709999,22.773481,563000
2001-08-30,24.459999,24.93,23.75,23.870001000000002,21.999313,1002300
2001-08-31,23.9,24.610001,23.9,24.5,22.579937,555900
2001-09-04,24.5,25.559998999999998,24.5,24.940001000000002,22.985462,648400
2001-09-05,24.950001,25.25,24.700001,25.110001,23.142135999999997,713600
2001-09-06,24.700001,24.799999,24.309998999999998,24.360001,22.450905,521700
2001-09-07,23.950001,24.040001,23.1,23.5,21.658304,885600
2001-09-10,23.469998999999998,23.66,22.84,22.92,21.123762,788000
2001-09-17,21.0,21.09,20.32,20.52,18.911852,1413700
2001-09-18,19.9,20.48,19.75,19.809998999999998,18.257494,1276800
2001-09-19,19.950001,20.049999,18.459999,19.27,17.759811,1274500
2001-09-20,18.75,18.83,18.030001000000002,18.42,16.976429,957600
2001-09-21,17.5,19.0,17.370001000000002,17.719998999999998,16.331285,1696800
2001-09-24,17.6,18.75,17.6,18.299999,16.865828,2447600
2001-09-25,18.25,18.9,18.209999,18.4,16.957993,1579700
2001-09-26,17.85,18.379998999999998,17.65,17.85,16.451099,1627000
2001-09-27,17.6,18.07,17.389999,17.99,16.580128,1139500
2001-09-28,18.049999,18.6,18.0,18.43,16.985645,918100
2001-10-01,18.450001,18.450001,17.51,17.85,16.451099,1045900
2001-10-02,18.0,18.299999,17.74,18.290001,16.856617,1218100
2001-10-03,18.200001,18.48,17.9,18.27,16.838182,989400
2001-10-04,18.299999,18.75,18.02,18.389999,16.948778,1063100
2001-10-05,18.290001,18.52,18.209999,18.469998999999998,17.022507,787500
2001-10-08,18.27,18.35,17.950001,18.030001000000002,16.616991,514900
2001-10-09,17.85,18.07,17.75,17.85,16.451099,468800
2001-10-10,17.75,18.5,17.74,18.18,16.755233999999998,1003400
2001-10-11,18.209999,19.139999,18.209999,18.93,17.446457000000002,1183200
2001-10-12,19.1,19.299999,18.459999,19.139999,17.640003,953400
2001-10-15,19.1,19.440001000000002,18.709999,19.15,17.649217999999998,789700
2001-10-16,19.16,19.4,19.049999,19.27,17.759811,754600
2001-10-17,19.25,19.49,18.9,18.93,17.446457000000002,1134400
2001-10-18,18.9,19.049999,18.6,18.860001,17.381947,821400
2001-10-19,19.0,19.08,18.73,18.93,17.446457000000002,663100
2001-10-22,18.950001,19.5,18.799999,19.5,17.971788,987700
2001-10-23,19.68,19.68,18.809998999999998,18.93,17.446457000000002,1125900
2001-10-24,18.700001,18.870001000000002,18.66,18.75,17.280565,1182900
2001-10-25,18.25,19.23,18.129998999999998,19.23,17.722948000000002,839000
2001-10-26,19.129998999999998,20.0,18.93,19.92,18.358871,900500
2001-10-29,19.799999,19.85,19.280001000000002,19.540001,18.008654,883700
2001-10-30,19.540001,19.540001,18.4,18.459999,17.013289999999998,649000
2001-10-31,18.549999,18.879998999999998,18.4,18.629998999999998,17.169971,634200
2001-11-01,18.6,19.18,18.18,18.99,17.501753,779900
2001-11-02,18.790001,19.780001000000002,18.790001,19.35,17.833546,552200
2001-11-05,19.200001,19.6,18.950001,19.030001000000002,17.538622,901200
2001-11-06,18.83,19.059998999999998,18.5,19.030001000000002,17.538622,846300
2001-11-07,18.83,19.049999,18.57,18.879998999999998,17.400379,568400
2001-11-08,18.809998999999998,19.35,18.799999,18.99,17.501753,493700
2001-11-09,18.799999,19.5,18.719998999999998,19.219998999999998,17.713729999999998,629000
2001-11-12,19.15,19.299999,18.9,19.129998999999998,17.630782999999997,401600
2001-11-13,19.01,19.700001,19.01,19.57,18.150152,667500
2001-11-14,19.799999,20.85,19.77,20.58,19.086879999999997,1183300
2001-11-15,21.25,23.4,21.15,23.040001,21.368399,4593100
2001-11-16,23.040001,23.4,22.58,22.9,21.238552,1810700
2001-11-19,23.0,23.68,22.99,23.629998999999998,21.915592,1815000
2001-11-20,23.629998999999998,23.629998999999998,22.92,23.190001000000002,21.507517,1130200
2001-11-21,22.700001,22.85,21.639999,21.879998999999998,20.292557000000002,1677300
2001-11-23,21.9,22.610001,21.9,22.4,20.774832,460600
2001-11-26,22.450001,22.719998999999998,22.209999,22.43,20.802654,620200
2001-11-27,22.629998999999998,22.629998999999998,22.16,22.5,20.867577,799800
2001-11-28,22.17,22.4,21.950001,22.01,20.413128,747100
2001-11-29,22.01,22.030001000000002,21.700001,22.0,20.403851,952100
2001-11-30,21.98,22.629998999999998,21.92,22.4,20.774832,1582000
2001-12-03,22.200001,22.5,21.6,22.09,20.487328,1296700
2001-12-04,21.940001000000002,22.379998999999998,21.75,22.190001000000002,20.580069,983700
2001-12-05,22.190001000000002,23.299999,22.190001000000002,22.91,21.247831,1350400
2001-12-06,23.0,23.52,22.6,23.440001000000002,21.739376,965200
2001-12-07,23.299999,23.299999,22.370001000000002,22.620001000000002,20.97887,861700
2001-12-10,22.620001000000002,22.620001000000002,22.07,22.57,20.932499,2269400
2001-12-11,22.700001,23.700001,22.559998999999998,23.33,21.637362,1467700
2001-12-12,23.4,24.15,23.0,23.77,22.045435,2276500
2001-12-13,23.82,23.82,23.17,23.450001,21.748653,804100
2001-12-14,23.299999,24.15,23.25,24.040001,22.295845,1246700
2001-12-17,24.129998999999998,24.799999,24.01,24.549999,22.768845000000002,1314500
2001-12-18,24.4,25.540001,24.4,25.280001000000002,23.445883,2145400
2001-12-19,24.6,24.99,24.58,24.780001000000002,22.982155,1073400
2001-12-20,24.700001,24.75,23.85,24.0,22.258747,1639600
2001-12-21,24.0,24.1,23.58,23.799999,22.073261,1125200
2001-12-24,23.370001000000002,23.940001000000002,23.370001000000002,23.65,21.934147,484900
2001-12-26,23.379998999999998,24.07,23.379998999999998,23.9,22.166006,1175500
2001-12-27,23.65,24.23,23.559998999999998,23.99,22.249475,881400
2001-12-28,23.99,24.139999,23.82,24.129998999999998,22.379314,467600
2001-12-31,24.0,24.370001000000002,23.809998999999998,23.809998999999998,22.082529,701800
2002-01-02,23.52,23.99,23.309998999999998,23.940001000000002,22.203098,620000
2002-01-03,24.0,24.0,23.52,23.799999,22.073261,1006000
2002-01-04,24.0,24.549999,23.74,24.379998999999998,22.611181,1050100
2002-01-07,25.1,25.34,24.790001,24.790001,22.991429999999998,1786800
2002-01-08,24.790001,24.790001,24.02,24.5,22.722476999999998,553200
2002-01-09,24.51,25.200001,24.51,24.77,22.972885,770200
2002-01-10,24.75,24.76,24.23,24.34,22.574081,1290300
2002-01-11,24.190001000000002,24.799999,24.0,24.23,22.472061,1004700
2002-01-14,23.950001,24.0,23.5,23.51,21.8043,668800
2002-01-15,23.51,23.700001,22.639999,22.85,21.192184,1290200
2002-01-16,22.860001,22.860001,21.780001000000002,21.780001000000002,20.19981,1759000
2002-01-17,21.9,21.9,20.75,21.76,20.181265,2916500
2002-01-18,21.76,22.48,21.450001,22.1,20.496599,1307400
2002-01-22,21.9,22.32,21.5,22.02,20.422403,1380100
2002-01-23,22.02,22.200001,21.52,22.18,20.570793,1521800
2002-01-24,22.25,23.309998999999998,22.02,22.969998999999998,21.303473999999998,1450200
2002-01-25,22.92,23.68,22.85,23.34,21.646632999999998,1156100
2002-01-28,23.34,23.76,23.299999,23.74,22.017611,562300
2002-01-29,23.700001,24.040001,22.9,23.15,21.470413,1649600
2002-01-30,23.049999,23.65,22.82,23.530001000000002,21.822848999999998,1224400
2002-01-31,23.6,23.959999,23.440001000000002,23.879998999999998,22.147454999999997,897200
2002-02-01,23.799999,23.959999,23.01,23.690001000000002,21.971241,895200
2002-02-04,23.690001000000002,23.690001000000002,22.870001000000002,22.9,21.238552,866000
2002-02-05,22.629998999999998,22.860001,22.0,22.32,20.700636,1188100
2002-02-06,22.120001000000002,22.200001,21.23,21.290001,19.745365,1107300
2002-02-07,21.35,21.6,21.290001,21.4,19.847382999999997,1174300
2002-02-08,21.35,23.690001000000002,20.950001,23.459999,21.757925,2973900
2002-02-11,23.860001,24.879998999999998,23.450001,24.49,22.713196,1889600
2002-02-12,24.700001,24.780001000000002,24.219998999999998,24.58,22.796665,1086600
2002-02-13,24.459999,24.870001000000002,24.450001,24.809998999999998,23.122866000000002,847600
2002-02-14,24.85,24.92,24.32,24.34,22.684826,939600
2002-02-15,24.559998999999998,24.99,24.5,24.68,23.001708999999998,1046700
2002-02-19,24.35,24.549999,23.9,23.969998999999998,22.339991,551500
2002-02-20,23.98,24.219998999999998,23.6,24.200001,22.554354,1020200
2002-02-21,24.299999,25.799999,24.200001,25.209999,23.49567,1720000
2002-02-22,24.610001,25.16,24.35,25.139999,23.430424,1497100
2002-02-25,25.299999,26.440001000000002,25.299999,26.43,24.632706,1459400
2002-02-26,26.59,28.17,26.32,28.040001,26.133217000000002,3539600
2002-02-27,27.75,27.84,26.6,27.540001,25.667219,2270600
2002-02-28,27.530001000000002,28.25,27.35,27.5,25.629942,1099400
2002-03-01,27.0,27.280001000000002,26.700001,26.99,25.154625,1484000
2002-03-04,27.049999,27.9,27.049999,27.889999,25.99342,1326800
2002-03-05,27.5,27.549999,26.719998999999998,27.120001000000002,25.275787,929600
2002-03-06,27.08,27.85,27.0,27.84,25.946825,685700
2002-03-07,27.950001,28.1,27.790001,27.889999,25.99342,1452800
2002-03-08,27.889999,28.33,27.75,28.08,26.170502,850600
2002-03-11,27.85,28.33,27.6,28.209999,26.291658,905900
2002-03-12,27.809998999999998,28.85,27.68,28.309998999999998,26.384865,1127300
2002-03-13,28.25,28.25,27.01,27.549999,25.676542,1460600
2002-03-14,27.620001000000002,27.690001000000002,26.93,27.65,25.769739,1936900
2002-03-15,27.700001,27.9,27.0,27.51,25.639260999999998,1232200
2002-03-18,27.5,27.82,27.110001,27.440001000000002,25.574022,1701200
2002-03-19,27.4,28.09,27.370001000000002,27.950001,26.049343,1424700
2002-03-20,25.75,25.969998999999998,25.23,25.4,23.672745000000003,5525700
2002-03-21,25.200001,25.209999,24.450001,24.959999,23.262665,2242200
2002-03-22,24.549999,24.950001,24.299999,24.66,22.983065,1400400
2002-03-25,24.49,24.5,23.450001,23.790001,22.17223,1300200
2002-03-26,23.65,24.690001000000002,23.59,24.629998999999998,22.955109,1556900
2002-03-27,24.629998999999998,25.33,24.540001,25.200001,23.486347,1446300
2002-03-28,25.15,26.25,25.08,25.57,23.831186,1121100
2002-04-01,23.75,23.959999,23.4,23.700001,22.088348,2911000
2002-04-02,23.700001,23.700001,22.950001,23.08,21.510513,1870600
2002-04-03,23.1,23.1,22.01,22.110001,20.606474,2215000
2002-04-04,21.950001,22.200001,21.309998999999998,22.1,20.597153,2153700
2002-04-05,22.35,23.030001000000002,22.209999,23.01,21.445267,1921300
2002-04-08,22.209999,23.18,22.110001,22.959999,21.398668,1399200
2002-04-09,22.950001,22.950001,22.530001000000002,22.690001000000002,21.147029999999997,1015200
2002-04-10,22.92,23.6,22.75,23.540001,21.939232,1705100
2002-04-11,23.26,23.35,22.6,22.620001000000002,21.081795,906600
2002-04-12,22.629998999999998,23.0,22.0,22.969998999999998,21.407989999999998,1122200
2002-04-15,22.98,23.030001000000002,22.4,22.76,21.212270999999998,996400
2002-04-16,23.030001000000002,23.700001,23.02,23.700001,22.088348,827200
2002-04-17,23.26,23.540001,23.02,23.25,21.668951,848200
2002-04-18,23.26,23.309998999999998,22.65,22.73,21.184310999999997,964900
2002-04-19,23.4,23.49,22.75,22.93,21.370708,816300
2002-04-22,22.700001,22.92,22.0,22.780001000000002,21.230919,990000
2002-04-23,22.530001000000002,22.92,22.5,22.700001,21.156353,959100
2002-04-24,22.6,23.59,22.6,23.290001,21.706232,3505900
2002-04-25,22.950001,22.98,22.700001,22.799999,21.249548,1189200
2002-04-26,23.0,23.0,22.450001,22.74,21.19363,1106100
2002-04-29,22.879998999999998,22.879998999999998,21.790001,21.790001,20.308232999999998,855300
2002-04-30,21.790001,22.98,21.75,22.25,20.736957999999998,1126700
2002-05-01,22.23,22.379998999999998,21.280001000000002,22.309998999999998,20.792875,829000
2002-05-02,22.219998999999998,23.1,22.1,22.950001,21.389353,1673200
2002-05-03,22.950001,22.950001,21.299999,22.35,20.830156,1036400
2002-05-06,22.15,22.35,21.450001,21.459999,20.000673000000003,913800
2002-05-07,21.66,22.25,21.309998999999998,21.620001000000002,20.149798999999998,1200000
2002-05-08,21.75,22.16,21.51,22.110001,20.606474,939500
2002-05-09,22.049999,22.290001,21.93,22.049999,20.550554,958500
2002-05-10,22.049999,22.129998999999998,21.450001,21.76,20.280273,785800
2002-05-13,21.889999,21.889999,21.209999,21.620001000000002,20.261532,570200
2002-05-14,21.9,22.51,21.9,22.49,21.076862,671100
2002-05-15,22.6,22.799999,22.299999,22.75,21.320526,934100
2002-05-16,22.5,22.51,21.690001000000002,22.219998999999998,20.823829999999997,1534300
2002-05-17,22.200001,22.540001,22.15,22.459999,21.048748,849100
2002-05-20,22.6,22.76,22.26,22.51,21.095608,697700
2002-05-21,22.700001,22.9,22.33,22.360001,20.955034,1254800
2002-05-22,22.15,22.43,21.93,22.41,21.00189,966100
2002-05-23,22.379998999999998,22.9,22.049999,22.76,21.329898999999997,905900
2002-05-24,22.51,22.879998999999998,22.5,22.559998999999998,21.142466,793000
2002-05-28,22.559998999999998,22.629998999999998,22.15,22.24,20.842577,663400
2002-05-29,22.24,22.450001,22.110001,22.16,20.767599,669900
2002-05-30,22.059998999999998,22.16,21.34,21.85,20.477076999999998,1000400
2002-05-31,21.98,22.4,21.66,21.92,20.542680999999998,877100
2002-06-03,21.92,22.15,21.290001,21.34,19.999125,943300
2002-06-04,21.25,21.26,20.360001,20.57,19.277502,1606700
2002-06-05,20.719998999999998,21.43,20.65,21.35,20.008495,1027800
2002-06-06,21.459999,21.49,20.66,20.85,19.539913000000002,1156400
2002-06-07,20.85,21.09,20.639999,20.85,19.539913000000002,843500
2002-06-10,20.85,21.17,20.459999,21.0,19.680485,856000
2002-06-11,21.040001,21.15,20.17,20.290001,19.0151,765300
2002-06-12,20.120001000000002,20.24,19.389999,20.24,18.968243,2328700
2002-06-13,20.1,20.110001,19.32,19.450001,18.227882,1548400
2002-06-14,19.25,19.6,18.77,19.25,18.040445000000002,1566700
2002-06-17,19.15,19.450001,18.440001000000002,19.440001000000002,18.218506,2698300
2002-06-18,19.35,20.059998999999998,19.030001000000002,20.0,18.743323999999998,1808000
2002-06-19,20.360001,20.6,19.629998999999998,19.84,18.593374,2853500
2002-06-20,19.4,19.559998999999998,18.77,18.780001000000002,17.599979,2269000
2002-06-21,18.780001000000002,19.379998999999998,18.77,19.110001,17.909246,1151800
2002-06-24,18.9,19.120001000000002,18.559998999999998,18.969998999999998,17.778036,1056200
2002-06-25,18.98,19.299999,18.65,18.77,17.590609,1205100
2002-06-26,18.700001,18.799999,18.25,18.75,17.571863,1111400
2002-06-27,18.950001,18.98,18.4,18.5,17.33757,1062700
2002-06-28,18.549999,19.0,18.549999,18.709999,17.534374,1426700
2002-07-01,18.85,18.860001,18.120001000000002,18.16,17.018938000000002,2029400
2002-07-02,18.049999,18.16,17.49,17.68,16.569096,1973600
2002-07-03,17.67,17.67,16.780001000000002,17.59,16.484751,1606700
2002-07-05,17.84,18.610001,17.65,18.52,17.356316,1138000
2002-07-08,18.620001000000002,18.690001000000002,18.15,18.299999,17.150139000000003,1043800
2002-07-09,18.25,18.379998999999998,17.5,17.549999,16.447267999999998,969600
2002-07-10,17.549999,17.76,16.84,16.93,15.866220000000002,1531200
2002-07-11,16.799999,17.32,15.92,16.879998999999998,15.819364000000002,2018700
2002-07-12,16.83,17.049999,16.469998999999998,16.709999,15.660046,2281200
2002-07-15,16.700001,19.66,15.88,16.75,15.697532,2608000
2002-07-16,16.85,16.85,16.01,16.540001,15.500729000000002,1491600
2002-07-17,16.65,16.950001,16.07,16.299999,15.275804999999998,1223100
2002-07-18,16.25,16.5,15.81,15.91,14.910313,904600
2002-07-19,15.91,16.09,15.14,16.01,15.004029000000001,1705000
2002-07-22,16.0,16.6,15.27,15.85,14.854083,2025000
2002-07-23,16.469998999999998,16.65,15.06,15.25,14.291784,2526000
2002-07-24,15.05,17.0,14.91,16.959999,15.894329,2247100
2002-07-25,16.959999,17.059998999999998,15.98,17.01,15.941192000000001,1821500
2002-07-26,17.01,17.23,15.93,16.450001,15.416381,1344800
2002-07-29,17.25,18.0,16.49,17.85,16.728413,1700700
2002-07-30,17.75,18.200001,17.1,17.549999,16.447267999999998,1674900
2002-07-31,17.299999,17.74,17.01,17.440001000000002,16.344175,784500
2002-08-01,17.25,17.5,16.92,17.4,16.306686,1271300
2002-08-02,17.049999,17.129998999999998,15.54,15.71,14.722879,1635800
2002-08-05,15.71,15.85,14.87,14.92,13.982520000000001,1470200
2002-08-06,15.1,15.99,15.07,15.67,14.685392000000002,2006500
2002-08-07,15.75,15.83,15.06,15.61,14.629163,1504700
2002-08-08,15.58,16.08,15.3,16.040001,15.032146,898000
2002-08-09,15.65,16.09,15.6,15.99,14.985287,1013300
2002-08-12,15.75,15.76,15.15,15.2,14.244924,1543700
2002-08-13,15.09,15.09,14.75,14.79,13.970984,1802200
2002-08-14,14.54,14.79,13.17,14.38,13.583689000000001,3716600
2002-08-15,14.5,14.74,14.1,14.58,13.772613,2188900
2002-08-16,14.27,14.56,13.78,14.55,13.744275,2266800
2002-08-19,14.55,14.9,14.46,14.5,13.697042999999999,2049500
2002-08-20,14.5,14.58,14.1,14.1,13.319192000000001,1591000
2002-08-21,14.2,14.81,14.05,14.44,13.640364000000002,1775300
2002-08-22,14.54,14.84,14.45,14.6,13.791507999999999,1110700
2002-08-23,14.75,14.85,14.45,14.78,13.961535000000001,1002700
2002-08-26,14.88,14.88,14.5,14.76,13.942645,1026000
2002-08-27,14.85,14.99,14.5,14.67,13.857629000000001,712300
2002-08-28,14.62,14.62,14.0,14.11,13.328641000000001,944900
2002-08-29,14.1,14.11,13.77,14.03,13.253070999999998,1152700
2002-08-30,13.83,14.0,13.52,13.52,12.771313000000001,1012000
2002-09-03,13.24,13.24,12.55,12.61,11.911705,2174000
2002-09-04,12.55,12.92,12.52,12.87,12.157307000000001,1802500
2002-09-05,12.75,12.8,12.49,12.69,11.987272,1080800
2002-09-06,12.75,12.86,12.69,12.72,12.015614,1168600
2002-09-09,12.62,12.74,12.42,12.74,12.034505000000001,2425800
2002-09-10,12.75,13.18,12.6,13.09,12.365126,2407600
2002-09-11,13.1,13.19,12.96,13.08,12.355678,979500
2002-09-12,13.04,13.08,12.68,12.75,12.043952,1067200
2002-09-13,12.7,12.7,12.29,12.46,11.770011,1593900
2002-09-16,12.48,12.6,12.36,12.42,11.732224,952400
2002-09-17,12.37,12.38,11.67,11.68,11.033202000000001,3082900
2002-09-18,11.5,11.58,10.56,10.94,10.334183,4293400
2002-09-19,10.8,11.06,10.53,10.59,10.003566000000001,2264000
2002-09-20,10.6,10.75,10.16,10.19,9.625715,2151200
2002-09-23,10.12,10.14,9.07,9.07,8.567737,4048000
2002-09-24,9.08,9.1,8.03,8.49,8.019853,3958600
2002-09-25,8.59,8.77,8.15,8.77,8.284349,3992100
2002-09-26,8.9,9.29,8.78,9.22,8.709432000000001,2349700
2002-09-27,9.21,9.27,8.9,8.95,8.454381,2258800
2002-09-30,8.85,9.13,8.51,8.89,8.397704,2087900
2002-10-01,8.96,9.34,8.57,9.34,8.822783,2387500
2002-10-02,9.23,9.23,8.33,8.6,8.123764,2354400
2002-10-03,8.62,8.73,8.33,8.46,7.991517,1529700
2002-10-04,8.5,8.65,8.05,8.34,7.878162,1795900
2002-10-07,8.34,8.42,7.9,7.9,7.462527000000001,1556600
2002-10-08,8.08,8.2,7.62,7.8,7.368063,1546300
2002-10-09,7.8,7.84,7.1,7.11,6.716275,1711100
2002-10-10,7.16,7.66,7.07,7.34,6.933538,2068400
2002-10-11,7.52,8.3,7.51,8.16,7.708128,1532100
2002-10-14,8.16,8.2,7.9,8.12,7.670342999999999,1692700
2002-10-15,8.9,8.97,8.6,8.97,8.473274,1282300
2002-10-16,8.97,8.97,8.2,8.21,7.755362,1442000
2002-10-17,8.5,8.85,8.46,8.67,8.189886999999999,1148400
2002-10-18,8.5,8.51,8.1,8.37,7.906499,1550700
2002-10-21,8.44,8.85,8.18,8.68,8.199333,2132700
2002-10-22,8.68,9.45,8.5,9.36,8.841677,2368300
2002-10-23,9.4,9.53,9.1,9.32,8.803892,1231200
2002-10-24,9.38,9.9,9.15,9.26,8.747216,1115700
2002-10-25,9.16,9.29,9.0,9.06,8.558291,1397200
2002-10-28,9.2,9.6,9.2,9.25,8.737767,1234000
2002-10-29,9.26,9.41,8.59,8.82,8.33158,1194700
2002-10-30,8.83,9.05,7.65,8.11,7.660897,6624000
2002-10-31,8.07,8.08,6.98,7.1,6.706828,9665500
2002-11-01,7.09,7.1,6.61,6.81,6.432887,5498100
2002-11-04,7.05,7.59,6.99,7.26,6.8579669999999995,5057900
2002-11-05,7.27,7.38,6.87,7.34,6.933538,2930500
2002-11-06,7.34,7.69,7.31,7.61,7.188585000000001,2416700
2002-11-07,7.61,7.7,7.33,7.56,7.141354,2247400
2002-11-08,7.46,7.5,7.07,7.13,6.735167,1820800
2002-11-11,7.1,7.11,6.75,6.81,6.432887,1508100
2002-11-12,6.81,7.2,6.5,6.87,6.489565,2517000
2002-11-13,6.95,7.01,6.56,6.93,6.6626199999999995,2526800
2002-11-14,7.16,7.18,6.97,7.1,6.826060000000001,982400
2002-11-15,7.1,7.1,6.81,6.95,6.681848,1590100
2002-11-18,6.96,7.19,6.95,6.97,6.701076,1815100
2002-11-19,6.97,7.09,6.86,6.93,6.6626199999999995,1444400
2002-11-20,6.93,7.08,6.91,7.0,6.729918,1747300
2002-11-21,7.1,7.7,7.05,7.52,7.229855000000001,3838300
2002-11-22,7.49,8.05,7.35,8.02,7.710564999999999,8340700
2002-11-25,8.05,8.08,7.76,7.98,7.672108000000001,3139400
2002-11-26,7.98,7.98,7.81,7.88,7.575966,1795200
2002-11-27,7.9,8.21,7.89,8.2,7.883619,2974700
2002-11-29,8.25,8.34,8.18,8.24,7.922077000000001,1760000
2002-12-02,8.3,8.35,8.06,8.2,7.883619,2423500
2002-12-03,8.14,8.17,7.7,7.76,7.460596000000001,2078500
2002-12-04,7.6,7.8,7.25,7.65,7.354841,2472200
2002-12-05,7.67,7.79,7.59,7.69,7.3932970000000005,1327700
2002-12-06,7.69,7.69,7.45,7.51,7.220242,1568800
2002-12-09,7.55,7.57,7.2,7.2,6.922202,1228700
2002-12-10,7.28,7.5,7.2,7.47,7.1817850000000005,1452500
2002-12-11,7.44,7.48,7.28,7.4,7.114486,1271800
2002-12-12,7.4,7.43,7.18,7.28,6.999115,1074400
2002-12-13,7.23,7.28,7.11,7.12,6.845289999999999,984600
2002-12-16,7.13,7.48,7.13,7.48,7.1914,1577600
2002-12-17,7.48,7.48,7.31,7.33,7.047186,1163000
2002-12-18,7.3,7.3,6.87,6.91,6.6433919999999995,3314200
2002-12-19,6.89,6.95,6.63,6.64,6.383808,3217800
2002-12-20,6.83,6.99,6.7,6.8,6.537636,3932700
2002-12-23,6.8,6.8,6.62,6.64,6.383808,2172200
2002-12-24,6.69,6.7,6.61,6.63,6.3741959999999995,788300
2002-12-26,6.64,6.86,6.64,6.71,6.4511080000000005,1559200
2002-12-27,6.74,6.75,6.59,6.6,6.345352,1781800
2002-12-30,6.6,6.77,6.56,6.74,6.47995,2041600
2002-12-31,6.74,6.99,6.73,6.81,6.54725,2847300
2003-01-02,6.9,7.04,6.81,7.02,6.749147,2794700
2003-01-03,7.0,7.03,6.76,6.78,6.518407,1724400
2003-01-06,6.78,7.11,6.78,7.08,6.806832000000001,4866600
2003-01-07,7.11,7.21,7.03,7.03,6.758762,2731500
2003-01-08,7.0,7.07,6.9,6.92,6.653005,2256600
2003-01-09,6.95,7.07,6.95,6.99,6.720305000000001,2087600
2003-01-10,6.96,7.07,6.92,7.06,6.787603999999999,2096000
2003-01-13,7.1,7.14,7.01,7.14,6.864517,1858000
2003-01-14,7.14,7.33,7.1,7.27,6.989501,2671500
2003-01-15,7.29,7.3,6.97,6.98,6.71069,2116300
2003-01-16,7.01,7.03,6.81,6.86,6.595321,2326600
2003-01-17,6.82,6.92,6.72,6.76,6.499179,2371000
2003-01-21,6.81,6.94,6.75,6.86,6.595321,1849900
2003-01-22,6.75,6.77,6.55,6.57,6.31651,2399800
2003-01-23,6.62,6.83,6.61,6.67,6.412652,2164800
2003-01-24,6.66,6.72,6.43,6.46,6.210754,2242800
2003-01-27,6.31,6.36,5.99,6.04,5.80696,2944600
2003-01-28,6.1,6.17,6.05,6.07,5.8358,2020800
2003-01-29,6.06,6.06,5.73,5.89,5.662746,2898400
2003-01-30,5.95,6.0,5.23,5.35,5.143581,5889000
2003-01-31,5.37,5.43,5.12,5.3,5.09551,4010400
2003-02-03,5.31,5.36,5.15,5.17,4.970526,2414600
2003-02-04,5.15,5.15,4.22,4.52,4.345605,12233500
2003-02-05,4.21,4.3,3.61,3.67,3.5284,13145400
2003-02-06,3.35,3.65,3.35,3.57,3.432258,7715800
2003-02-07,3.9,4.17,3.85,4.04,3.884125,8416100
2003-02-10,4.1,4.5,4.1,4.38,4.211007,8839300
2003-02-11,4.44,4.46,4.15,4.2,4.0379510000000005,3397100
2003-02-12,4.16,4.18,3.96,4.02,3.864896,2211200
2003-02-13,4.05,4.14,3.93,4.07,3.9129669999999996,1760100
2003-02-14,4.08,4.14,3.93,4.03,3.87451,1670200
2003-02-18,4.03,4.43,4.03,4.25,4.086022,3423100
2003-02-19,4.24,4.26,4.06,4.21,4.0475650000000005,1973100
2003-02-20,4.25,4.27,4.08,4.25,4.086022,1875700
2003-02-21,4.25,4.36,4.15,4.25,4.086022,1756300
2003-02-24,4.08,4.16,4.06,4.06,3.903353,1212600
2003-02-25,4.03,4.18,3.95,4.1,3.9418089999999997,1573900
2003-02-26,4.05,4.1,3.95,3.99,3.8360540000000003,830600
2003-02-27,4.09,4.12,4.01,4.11,3.951424,804600
2003-02-28,4.1,4.13,3.99,4.0,3.845668,1321900
2003-03-03,4.01,4.16,4.0,4.08,3.9225809999999997,1207200
2003-03-04,4.05,4.08,4.0,4.0,3.845668,1260100
2003-03-05,4.2,4.49,4.07,4.29,4.12448,2972300
2003-03-06,4.34,4.34,4.15,4.17,4.009109,1326100
2003-03-07,4.11,4.22,4.03,4.2,4.0379510000000005,1789600
2003-03-10,4.2,4.2,3.89,3.9,3.7495260000000004,2050700
2003-03-11,3.9,3.99,3.79,3.83,3.6822269999999997,1692600
2003-03-12,3.98,4.0,3.77,3.87,3.720683,986200
2003-03-13,3.95,4.01,3.85,3.98,3.8264400000000003,1171900
2003-03-14,4.01,4.06,3.89,3.92,3.768755,894000
2003-03-17,3.87,4.1,3.8,4.07,3.9129669999999996,1837700
2003-03-18,3.5,4.3,3.5,4.24,4.076408,1884400
2003-03-19,4.26,4.55,4.26,4.4,4.2302349999999995,2463900
2003-03-20,4.4,4.78,4.27,4.61,4.432133,2820000
2003-03-21,4.85,5.35,4.74,5.35,5.143581,5383200
2003-03-24,5.26,5.27,4.87,4.97,4.778242,3418300
2003-03-25,4.97,5.16,4.92,5.1,4.903226999999999,1996000
2003-03-26,5.1,5.12,5.05,5.05,4.855156,1386000
2003-03-27,5.01,5.4,4.97,5.31,5.105124,2771700
2003-03-28,5.31,5.42,5.16,5.16,4.960912,1789000
2003-03-31,5.09,5.2,4.86,5.17,4.970526,1933900
2003-04-01,5.17,5.45,5.1,5.17,4.970526,1897500
2003-04-02,5.39,5.48,5.3,5.41,5.201265,2178700
2003-04-03,5.42,5.87,5.38,5.74,5.518534,3938300
2003-04-04,5.74,5.94,5.72,5.79,5.566604,2715400
2003-04-07,5.89,6.05,5.5,5.56,5.345478,2647400
2003-04-08,5.56,5.58,5.17,5.34,5.133967,2932700
2003-04-09,5.34,5.4,5.16,5.17,4.970526,1418000
2003-04-10,5.15,5.17,4.89,4.9,4.710943,2585300
2003-04-11,4.9,4.91,4.55,4.72,4.537888,3372900
2003-04-14,4.72,4.79,4.6,4.76,4.576344000000001,1633000
2003-04-15,4.8,5.1,4.78,4.9,4.710943,1965300
2003-04-16,5.02,5.09,4.87,4.89,4.701329,1565000
2003-04-17,4.85,5.04,4.76,4.9,4.710943,1199800
2003-04-21,4.92,5.22,4.9,5.22,5.018597,1987300
2003-04-22,5.22,5.79,5.2,5.59,5.374321,4188900
2003-04-23,5.75,5.98,5.61,5.98,5.749274,3214600
2003-04-24,5.98,5.98,5.63,5.66,5.4416199999999995,2064900
2003-04-25,5.7,5.78,5.45,5.55,5.335864,1805000
2003-04-28,5.55,5.82,5.55,5.75,5.528147,1403800
2003-04-29,5.82,6.02,5.73,5.95,5.720431,2378400
2003-04-30,5.5,5.8,5.26,5.72,5.499304,3504100
2003-05-01,5.75,6.17,5.64,6.17,5.931943,2637700
2003-05-02,6.2,6.59,6.01,6.35,6.104997,3417400
2003-05-05,6.75,6.84,6.54,6.84,6.576092,3348500
2003-05-06,6.94,7.12,6.88,7.07,6.797217,3655000
2003-05-07,7.02,7.07,6.8,6.82,6.556864999999999,2432000
2003-05-08,6.69,6.69,6.36,6.43,6.181911,2536800
2003-05-09,6.43,6.67,6.43,6.67,6.412652,1288400
2003-05-12,6.61,6.9,6.53,6.72,6.4607209999999995,1641500
2003-05-13,6.54,6.74,6.53,6.59,6.335738,1331700
2003-05-14,6.6,6.66,6.42,6.54,6.287667,2531000
2003-05-15,6.59,7.11,6.48,7.06,6.787603999999999,3699600
2003-05-16,7.06,7.31,6.85,7.31,7.027959,2975900
2003-05-19,7.26,7.27,6.8,6.81,6.54725,2005200
2003-05-20,6.87,6.98,6.31,6.48,6.229982,3323500
2003-05-21,6.49,6.5,6.32,6.49,6.239596,1458500
2003-05-22,6.52,6.75,6.43,6.63,6.3741959999999995,1673700
2003-05-23,6.78,6.78,6.52,6.52,6.268439,1052700
2003-05-27,6.52,6.55,6.38,6.48,6.229982,1574800
2003-05-28,6.54,6.8,6.5,6.69,6.431879,2536200
2003-05-29,6.74,6.85,6.43,6.56,6.306895,2349700
2003-05-30,6.54,6.68,6.51,6.52,6.268439,3292800
2003-06-02,6.62,6.78,6.52,6.62,6.364580999999999,2260100
2003-06-03,6.68,6.7,6.43,6.54,6.287667,1537800
2003-06-04,6.55,6.75,6.52,6.75,6.489565,1833700
2003-06-05,6.76,7.14,6.7,7.12,6.845289999999999,3080300
2003-06-06,7.18,7.35,6.75,6.89,6.624163,3385700
2003-06-09,6.97,6.97,6.63,6.7,6.4414940000000005,1873900
2003-06-10,6.74,6.84,6.72,6.83,6.566478,1122100
2003-06-11,6.84,6.95,6.76,6.91,6.6433919999999995,1035200
2003-06-12,7.0,7.18,6.9,7.04,6.768375999999999,1833700
2003-06-13,6.98,7.02,6.7,6.72,6.4607209999999995,1809500
2003-06-16,6.92,7.05,6.75,6.96,6.691462,1218200
2003-06-17,6.96,7.1,6.9,6.96,6.691462,1462200
2003-06-18,6.96,7.08,6.92,7.01,6.739533,1961300
2003-06-19,7.01,7.03,6.68,6.72,6.4607209999999995,1956500
2003-06-20,6.72,6.91,6.62,6.64,6.383808,2839700
2003-06-23,6.64,6.64,6.02,6.19,5.9511709999999995,4106800
2003-06-24,6.19,6.2,5.73,6.09,5.85503,3655100
2003-06-25,6.07,6.09,5.79,5.83,5.605061,2622800
2003-06-26,5.83,5.88,5.67,5.75,5.528147,4142700
2003-06-27,5.76,5.87,5.59,5.59,5.374321,3316600
2003-06-30,5.51,5.62,5.21,5.25,5.047439,6937800
2003-07-01,5.25,5.39,5.06,5.3,5.09551,4048500
2003-07-02,5.38,5.6,5.34,5.44,5.230109,3183400
2003-07-03,5.4,5.47,5.29,5.3,5.09551,1227700
2003-07-07,5.4,5.62,5.4,5.55,5.335864,2220400
2003-07-08,5.54,5.57,5.15,5.25,5.047439,5156900
2003-07-09,5.26,5.43,5.24,5.33,5.124352,3334900
2003-07-10,5.36,5.36,5.18,5.21,5.008982,2719200
2003-07-11,5.3,5.3,5.19,5.2,4.999368,1343000
2003-07-14,5.2,5.38,5.19,5.3,5.09551,2449500
2003-07-15,5.35,5.44,5.21,5.21,5.008982,1509900
2003-07-16,5.22,5.3,5.19,5.26,5.057053,1208700
2003-07-17,5.26,5.27,5.08,5.1,4.903226999999999,1812000
2003-07-18,5.2,5.23,5.1,5.18,4.980139,1642800
2003-07-21,5.14,5.18,5.01,5.04,4.845542,2194700
2003-07-22,5.03,5.08,5.01,5.02,4.826314,1739400
2003-07-23,5.07,5.08,4.49,4.88,4.691715,2386100
2003-07-24,4.98,5.02,4.87,4.89,4.701329,1622000
2003-07-25,4.97,5.24,4.92,5.13,4.932069,1764200
2003-07-28,5.2,5.4,5.13,5.39,5.182037,2610800
2003-07-29,5.35,5.47,5.17,5.17,4.970526,2064800
2003-07-30,5.22,6.05,5.18,5.54,5.32625,7158100
2003-07-31,5.8,5.8,5.48,5.51,5.297408,2464300
2003-08-01,5.51,5.73,5.5,5.66,5.4416199999999995,2310600
2003-08-04,5.7,5.75,5.6,5.69,5.470462,2046600
2003-08-05,5.59,5.64,5.39,5.39,5.182037,2197300
2003-08-06,5.39,5.45,5.26,5.39,5.182037,2469300
2003-08-07,5.3,5.34,5.1,5.18,4.980139,1432600
2003-08-08,5.19,5.26,5.12,5.15,4.951298,1205300
2003-08-11,5.25,5.25,5.14,5.2,4.999368,1735900
2003-08-12,5.22,5.35,5.19,5.35,5.143581,1177900
2003-08-13,5.35,5.35,5.2,5.27,5.066667,1285300
2003-08-14,5.3,5.41,5.23,5.39,5.182037,1684100
2003-08-15,5.43,5.85,5.32,5.59,5.374321,2054200
2003-08-18,5.62,5.85,5.62,5.81,5.585833,2186600
2003-08-19,5.9,6.28,5.72,6.25,6.0088550000000005,3716700
2003-08-20,6.25,6.34,6.02,6.3,6.056927,2926400
2003-08-21,6.8,6.95,6.55,6.56,6.306895,5666500
2003-08-22,6.6,6.8,6.35,6.36,6.114612,2788000
2003-08-25,6.37,6.44,6.17,6.4,6.153069,1578500
2003-08-26,6.48,6.57,6.4,6.57,6.31651,1834300
2003-08-27,6.57,6.59,6.47,6.54,6.287667,1208200
2003-08-28,6.55,6.68,6.54,6.62,6.364580999999999,1685300
2003-08-29,7.0,7.17,6.6,7.12,6.845289999999999,4753000
2003-09-02,7.16,7.67,7.15,7.66,7.364453999999999,5823900
2003-09-03,7.89,8.09,7.46,7.54,7.249084,5777100
2003-09-04,7.52,7.53,7.13,7.32,7.037572999999999,3599400
2003-09-05,7.16,7.76,7.16,7.58,7.287541,3434600
2003-09-08,7.68,7.9,7.65,7.76,7.460596000000001,3465300
2003-09-09,7.78,7.79,7.4,7.62,7.325997999999999,2177500
2003-09-10,7.52,7.58,7.38,7.45,7.1625559999999995,2299800
2003-09-11,7.48,7.65,7.48,7.65,7.354841,1623000
2003-09-12,7.68,7.99,7.65,7.98,7.672108000000001,3393800
2003-09-15,8.0,8.19,7.87,8.03,7.7201770000000005,4033800
2003-09-16,8.03,8.16,8.0,8.1,7.787477,3495900
2003-09-17,8.1,8.16,8.01,8.03,7.7201770000000005,2060600
2003-09-18,7.99,7.99,7.8,7.89,7.58558,3106800
2003-09-19,7.81,8.04,7.7,8.04,7.729792,1931300
2003-09-22,7.94,7.94,7.44,7.47,7.1817850000000005,3428800
2003-09-23,7.63,7.64,7.14,7.4,7.114486,4166300
2003-09-24,7.41,7.42,7.12,7.14,6.864517,2183000
2003-09-25,7.05,7.14,6.7,6.77,6.508792,4690300
2003-09-26,6.77,6.79,6.51,6.59,6.335738,2105300
2003-09-29,6.63,6.78,6.55,6.63,6.3741959999999995,1879100
2003-09-30,6.78,6.78,6.5,6.57,6.31651,1440200
2003-10-01,6.65,6.7,6.53,6.56,6.306895,2988300
2003-10-02,6.65,6.9,6.61,6.86,6.595321,2615200
2003-10-03,7.02,7.2,6.84,7.0,6.729918,2034600
2003-10-06,7.05,7.1,6.9,6.91,6.6433919999999995,1127000
2003-10-07,6.9,7.2,6.9,7.2,6.922202,3587300
2003-10-08,7.25,7.25,7.1,7.11,6.835674000000001,1352800
2003-10-09,7.2,7.25,7.03,7.15,6.874130999999999,1787100
2003-10-10,7.19,7.22,7.01,7.12,6.845289999999999,1608400
2003-10-13,7.12,7.2,7.03,7.14,6.864517,1061700
2003-10-14,7.14,7.19,6.98,7.1,6.826060000000001,1444500
2003-10-15,7.15,7.2,7.0,7.03,6.758762,1276200
2003-10-16,7.03,7.1,6.93,7.0,6.729918,1851600
2003-10-17,7.02,7.08,6.85,6.85,6.585707000000001,1202700
2003-10-20,6.88,6.88,6.53,6.76,6.499179,2813600
2003-10-21,6.75,6.83,6.66,6.81,6.54725,1453200
2003-10-22,7.0,7.07,6.76,6.83,6.566478,1899800
2003-10-23,5.55,6.65,5.55,6.19,5.9511709999999995,7148900
2003-10-24,6.23,6.31,6.15,6.29,6.047312000000001,1734700
2003-10-27,6.31,6.43,6.29,6.34,6.095383999999999,1436700
2003-10-28,6.33,6.56,6.32,6.55,6.297281,1615400
2003-10-29,6.56,6.8,6.52,6.72,6.4607209999999995,1835900
2003-10-30,6.8,7.05,6.75,6.9,6.6337779999999995,2625400
2003-10-31,6.94,7.1,6.79,6.86,6.595321,1230700
2003-11-03,6.86,7.07,6.86,7.0,6.729918,1346100
2003-11-04,6.9,7.02,6.83,6.99,6.720305000000001,1152900
2003-11-05,6.99,7.0,6.82,7.0,6.729918,1117600
2003-11-06,7.04,7.09,6.94,6.99,6.720305000000001,1208300
2003-11-07,7.04,7.05,6.9,6.97,6.701076,1207400
2003-11-10,6.95,6.96,6.61,6.7,6.4414940000000005,1574900
2003-11-11,6.7,6.74,6.54,6.62,6.364580999999999,696400
2003-11-12,6.72,6.84,6.63,6.77,6.508792,1084900
2003-11-13,6.72,6.9,6.67,6.76,6.499179,1055500
2003-11-14,6.86,6.9,6.7,6.73,6.470336,855200
2003-11-17,6.57,6.8,6.52,6.64,6.383808,1700700
2003-11-18,6.57,6.62,6.29,6.34,6.095383999999999,1855600
2003-11-19,6.33,6.54,6.33,6.48,6.229982,1003400
2003-11-20,6.38,6.5,6.33,6.37,6.124226999999999,1249900
2003-11-21,6.36,6.4,6.15,6.22,5.980013,1381700
2003-11-24,6.27,6.5,6.27,6.48,6.229982,1649500
2003-11-25,6.47,6.87,6.46,6.79,6.528021,2237000
2003-11-26,6.85,6.89,6.64,6.84,6.576092,1297800
2003-11-28,6.74,6.82,6.71,6.75,6.489565,552800
2003-12-01,6.8,6.85,6.75,6.81,6.54725,1237400
2003-12-02,6.81,6.86,6.75,6.79,6.528021,1656500
2003-12-03,6.95,7.57,6.95,7.52,7.229855000000001,7302500
2003-12-04,7.52,7.58,7.15,7.19,6.912588,3631800
2003-12-05,7.09,7.22,7.02,7.2,6.922202,2594500
2003-12-08,7.2,7.42,7.16,7.35,7.066414999999999,1990200
2003-12-09,7.4,7.51,7.33,7.4,7.114486,1483400
2003-12-10,7.36,7.42,7.15,7.36,7.07603,1684500
2003-12-11,6.35,7.08,6.35,6.52,6.268439,11491600
2003-12-12,6.55,6.87,6.53,6.87,6.604934,2736700
2003-12-15,7.04,7.07,6.81,6.82,6.556864999999999,1928300
2003-12-16,6.82,6.9,6.72,6.85,6.585707000000001,1339200
2003-12-17,6.8,6.98,6.71,6.92,6.653005,1755500
2003-12-18,6.92,7.31,6.81,7.21,6.931817,3826900
2003-12-19,7.3,7.31,6.9,6.94,6.672233,3406300
2003-12-22,6.94,7.1,6.94,7.1,6.826060000000001,2186100
2003-12-23,7.18,7.57,7.16,7.57,7.277926,4527300
2003-12-24,7.59,7.68,7.46,7.64,7.345225999999999,1394900
2003-12-26,7.64,7.88,7.63,7.8,7.499052000000001,1505800
2003-12-29,7.83,7.94,7.76,7.88,7.575966,1867800
2003-12-30,7.78,7.88,7.7,7.88,7.575966,1987500
2003-12-31,7.86,7.92,7.8,7.86,7.556736999999999,2594400
2004-01-02,7.87,8.03,7.83,7.86,7.556736999999999,2081800
2004-01-05,8.0,8.06,7.88,8.05,7.739408,1886400
2004-01-06,7.97,8.04,7.91,7.94,7.6336509999999995,1591400
2004-01-07,7.95,8.0,7.75,7.95,7.6432649999999995,1968300
2004-01-08,8.0,8.45,7.99,8.37,8.047058,3802900
2004-01-09,8.35,9.14,8.25,8.92,8.575842,7509900
2004-01-12,8.9,8.9,8.71,8.83,8.489310000000001,2970800
2004-01-13,8.84,8.9,8.64,8.78,8.441238,2835800
2004-01-14,9.0,9.15,8.89,8.95,8.604681,3036700
2004-01-15,8.96,9.0,8.65,8.88,8.537382000000001,2232000
2004-01-16,8.93,9.0,8.85,8.9,8.556610000000001,1667300
2004-01-20,8.98,9.9,8.95,9.51,9.143074,4643000
2004-01-21,9.42,11.1,9.35,10.74,10.325619,8940300
2004-01-22,10.74,11.97,10.35,10.36,9.960279,8213300
2004-01-23,10.34,10.7,9.92,10.26,9.864138,3247600
2004-01-26,10.26,10.44,10.04,10.39,9.989122,1809400
2004-01-27,10.35,10.62,10.22,10.38,9.979508000000001,2466200
2004-01-28,10.48,11.21,10.24,10.3,9.902596,4248200
2004-01-29,10.45,10.79,9.77,9.95,9.566094999999999,3474400
2004-01-30,9.94,9.94,9.49,9.5,9.133462,3500500
2004-02-02,10.5,11.6,9.5,9.53,9.162303,2416900
2004-02-03,9.52,9.56,9.3,9.33,8.970019,4395100
2004-02-04,9.33,9.85,9.11,9.42,9.056548,3419800
2004-02-05,9.42,9.46,9.08,9.23,8.873878,3602500
2004-02-06,9.3,10.0,9.25,9.97,9.585328,3000400
2004-02-09,9.99,10.2,9.68,9.69,9.316130000000001,1976900
2004-02-10,9.7,9.96,9.6,9.92,9.537257,2269400
2004-02-11,9.89,10.22,8.25,8.96,8.614299,10908700
2004-02-12,8.42,9.14,8.4,8.7,8.364327000000001,6136100
2004-02-13,8.85,8.95,8.5,8.71,8.373942,3696800
2004-02-17,8.41,8.66,8.24,8.36,8.037446000000001,5071100
2004-02-18,8.28,8.5,7.99,8.09,7.777862,4905300
2004-02-19,8.12,8.45,8.12,8.38,8.056675,5145800
2004-02-20,8.38,8.4,8.01,8.15,7.835547999999999,4872300
2004-02-23,8.15,8.35,7.74,7.78,7.479824000000001,3419900
2004-02-24,7.6,7.95,7.56,7.81,7.508666000000001,4696100
2004-02-25,7.88,8.22,7.81,8.06,7.74902,4279000
2004-02-26,8.06,8.15,7.73,7.99,7.681722,3989100
2004-02-27,7.99,8.5,7.99,8.42,8.095130000000001,4227300
2004-03-01,8.43,8.62,8.31,8.5,8.172044,3311800
2004-03-02,8.52,8.55,8.26,8.28,7.960531,2221400
2004-03-03,8.28,8.74,8.26,8.68,8.345101,3138700
2004-03-04,8.63,8.89,8.45,8.68,8.345101,2306800
2004-03-05,8.6,8.72,8.48,8.48,8.152816,2319500
2004-03-08,8.48,8.59,8.19,8.2,7.883619,2125400
2004-03-09,8.2,8.2,7.96,8.12,7.806705,3106900
2004-03-10,8.02,8.1,7.71,7.81,7.508666000000001,3002300
2004-03-11,7.8,7.95,7.65,7.68,7.383682,3898500
2004-03-12,7.77,7.95,7.69,7.9,7.595194,2399700
2004-03-15,7.9,7.9,7.52,7.58,7.287541,2429500
2004-03-16,7.62,7.94,7.42,7.84,7.537509,3227200
2004-03-17,7.71,8.05,7.57,7.98,7.672108000000001,2011600
2004-03-18,7.97,7.99,7.78,7.81,7.508666000000001,1149600
2004-03-19,7.9,7.9,7.55,7.61,7.316382000000001,1625300
2004-03-22,7.5,7.57,7.1,7.28,6.999115,3062500
2004-03-23,7.37,7.51,7.26,7.41,7.124099,2896800
2004-03-24,7.42,7.42,7.06,7.09,6.816446000000001,2704500
2004-03-25,7.25,7.33,7.15,7.3,7.018344,2328900
2004-03-26,7.4,7.59,7.31,7.54,7.249084,1960900
2004-03-29,8.05,8.07,7.8,7.89,7.58558,3160700
2004-03-30,7.95,8.43,7.86,8.42,8.095130000000001,3207400
2004-03-31,8.5,8.72,8.43,8.54,8.210502,2971200
2004-04-01,8.68,9.04,8.65,8.89,8.546998,3757200
2004-04-02,9.15,9.18,8.89,9.01,8.662366,4098400
2004-04-05,9.0,9.05,8.61,8.94,8.595069,2341400
2004-04-06,8.84,8.85,8.4,8.44,8.114359,2365500
2004-04-07,8.44,8.8,8.36,8.69,8.354712,2929800
2004-04-08,8.73,8.78,8.55,8.64,8.306643,1748800
2004-04-12,9.01,9.9,8.95,9.04,8.691211000000001,5869500
2004-04-13,9.1,9.29,8.63,8.73,8.39317,3296000
2004-04-14,8.7,8.85,8.56,8.68,8.345101,1914600
2004-04-15,8.78,8.98,8.75,8.82,8.479697,1871600
2004-04-16,8.8,8.94,8.65,8.9,8.556610000000001,2120100
2004-04-19,8.94,9.15,8.88,9.03,8.681594,1769500
2004-04-20,9.1,9.2,8.87,8.94,8.595069,2078900
2004-04-21,8.8,8.98,8.68,8.92,8.575842,1640300
2004-04-22,8.96,9.29,8.9,9.25,8.893106,2227600
2004-04-23,9.28,9.3,8.97,9.23,8.873878,1408500
2004-04-26,9.2,9.35,9.15,9.19,8.835423,1428500
2004-04-27,9.05,9.25,9.05,9.16,8.80658,1128400
2004-04-28,9.02,9.1,8.8,8.92,8.575842,1866900
2004-04-29,8.9,8.91,8.5,8.71,8.373942,3016800
2004-04-30,8.7,8.81,8.66,8.71,8.373942,1834200
2004-05-03,8.71,8.89,8.55,8.68,8.345101,1458400
2004-05-04,8.52,8.72,8.44,8.61,8.2778,2003600
2004-05-05,8.71,9.0,8.65,8.96,8.614299,2148700
2004-05-06,8.76,8.93,8.6,8.62,8.287414,1974000
2004-05-07,8.6,8.66,8.45,8.47,8.1432,1712000
2004-05-10,8.3,8.35,7.66,8.0,7.691336,5367100
2004-05-11,8.04,8.29,8.01,8.22,7.902848,1890000
2004-05-12,8.2,8.21,7.85,8.17,7.854778,3547100
2004-05-13,8.18,8.29,8.03,8.2,7.883619,1515200
2004-05-14,8.2,8.28,8.0,8.02,7.710564999999999,1388300
2004-05-17,7.92,8.0,7.75,7.85,7.547123,1642800
2004-05-18,8.02,8.22,7.83,8.16,7.845161999999999,1480500
2004-05-19,8.25,8.95,8.22,8.56,8.229732,5871700
2004-05-20,8.56,8.56,8.1,8.26,7.941304,1631200
2004-05-21,8.3,8.38,8.1,8.24,7.922077000000001,1491200
2004-05-24,8.3,8.5,8.3,8.44,8.114359,1271900
2004-05-25,8.44,8.84,8.44,8.8,8.460469,1730300
2004-05-26,8.86,8.88,8.65,8.81,8.470084,1096000
2004-05-27,8.87,8.99,8.75,8.84,8.498927,1412900
2004-05-28,8.8,8.8,8.69,8.7,8.364327000000001,892400
2004-06-01,8.64,8.8,8.6,8.8,8.460469,731200
2004-06-02,8.87,8.9,8.67,8.76,8.422014,1019600
2004-06-03,8.62,8.78,8.46,8.47,8.1432,1200800
2004-06-04,8.51,8.79,8.51,8.66,8.325871000000001,1146900
2004-06-07,8.72,9.09,8.72,9.04,8.691211000000001,2261000
2004-06-08,9.0,9.15,8.9,9.15,8.796967,1779900
2004-06-09,9.15,9.24,8.94,8.94,8.595069,1678600
2004-06-10,8.91,9.13,8.9,9.02,8.671983,2174600
2004-06-14,8.96,9.21,8.93,9.02,8.671983,2368500
2004-06-15,9.03,9.27,8.85,9.22,8.864265,2540600
2004-06-16,8.8,9.16,8.78,8.98,8.633523,2382800
2004-06-17,8.96,9.55,8.9,9.44,9.075776,2563900
2004-06-18,9.44,9.97,9.44,9.89,9.508414,4048600
2004-06-21,9.99,10.45,9.72,9.74,9.364202,5465800
2004-06-22,9.55,9.72,9.36,9.7,9.325744,3073800
2004-06-23,9.7,10.08,9.65,10.0,9.614169,2447300
2004-06-24,10.0,10.13,9.84,9.85,9.469957,1970800
2004-06-25,9.85,10.01,9.83,9.85,9.469957,1954700
2004-06-28,9.85,9.85,9.03,9.26,8.902722,9948700
2004-06-29,9.27,9.36,9.14,9.14,8.787352,13042300
2004-06-30,9.23,9.25,9.04,9.09,8.739282000000001,4414500
2004-07-01,9.13,9.3,9.1,9.22,8.864265,8123000
2004-07-02,9.17,9.43,9.09,9.33,8.970019,3249800
2004-07-06,9.58,9.69,9.47,9.52,9.152688000000001,4753900
2004-07-07,9.57,9.83,9.55,9.71,9.335359,3862700
2004-07-08,9.71,9.87,9.5,9.53,9.162303,2963300
2004-07-09,9.6,9.77,9.59,9.59,9.219989,2978000
2004-07-12,9.6,9.66,9.42,9.52,9.152688000000001,1848200
2004-07-13,8.7,9.78,8.7,9.71,9.335359,4683100
2004-07-14,9.58,9.75,9.51,9.63,9.258444,2979200
2004-07-15,9.64,9.75,9.64,9.67,9.296902000000001,5674400
2004-07-16,9.83,9.9,9.65,9.65,9.277672,3153300
2004-07-19,9.65,9.85,9.52,9.73,9.354589,2546100
2004-07-20,9.72,9.88,9.71,9.85,9.469957,2996700
2004-07-21,9.86,9.99,9.51,9.51,9.143074,3146100
2004-07-22,9.75,10.02,9.53,9.92,9.537257,5587900
2004-07-23,10.1,10.25,10.04,10.14,9.748769,5663300
2004-07-26,10.1,10.34,9.96,10.07,9.681469,2806700
2004-07-27,10.1,10.46,10.1,10.36,9.960279,5849500
2004-07-28,10.4,10.8,10.29,10.74,10.325619,5620200
2004-07-29,10.79,11.1,10.57,11.08,10.652499,5622300
2004-07-30,11.08,11.09,10.77,10.95,10.527514,3701200
2004-08-02,10.84,11.41,10.75,11.34,10.902469,3255600
2004-08-03,11.36,11.36,10.91,10.99,10.565972,3402700
2004-08-04,10.9,11.11,10.51,10.85,10.431374,4386800
2004-08-05,11.2,11.77,10.82,10.9,10.479445,15910900
2004-08-06,10.9,10.9,10.29,10.4,9.998736,4807700
2004-08-09,10.48,10.51,10.31,10.34,9.941051,2571700
2004-08-10,10.44,10.95,10.43,10.9,10.479445,4599400
2004-08-11,10.88,10.99,10.61,10.97,10.546743,3506300
2004-08-12,11.05,11.05,10.44,10.49,10.085265,3416300
2004-08-13,10.53,10.74,10.38,10.49,10.085265,3213500
2004-08-16,10.54,11.0,10.53,11.0,10.575588,3928600
2004-08-17,11.05,11.25,10.79,10.84,10.421761,4907500
2004-08-18,10.84,11.12,10.76,11.08,10.652499,5821000
2004-08-19,11.09,11.09,10.72,10.84,10.421761,3828100
2004-08-20,11.0,11.0,10.83,10.91,10.48906,2870300
2004-08-23,10.91,10.92,10.46,10.5,10.094877,4507100
2004-08-24,10.67,10.75,10.49,10.59,10.181405999999999,3157200
2004-08-25,10.64,10.95,10.53,10.9,10.479445,2219800
2004-08-26,10.93,10.98,10.75,10.83,10.412146,1312800
2004-08-27,10.83,10.91,10.76,10.83,10.412146,1215500
2004-08-30,10.87,11.09,10.82,10.89,10.469831,2147100
2004-08-31,10.9,11.01,10.72,10.98,10.556356,3399600
2004-09-01,11.02,11.43,11.02,11.42,10.979383,3762000
2004-09-02,11.46,11.81,11.45,11.74,11.287036,4846300
2004-09-03,11.69,11.75,11.59,11.67,11.219736,1844500
2004-09-07,11.68,11.88,11.66,11.75,11.29665,3198900
2004-09-08,11.85,12.0,11.7,11.7,11.248579,2344700
2004-09-09,11.7,11.85,11.34,11.52,11.075523,3318300
2004-09-10,11.53,11.56,11.28,11.54,11.094750999999999,2364300
2004-09-13,11.54,11.74,11.29,11.35,10.912083,2664700
2004-09-14,11.34,11.57,11.16,11.27,10.835169,1851000
2004-09-15,11.22,11.24,11.05,11.09,10.662115,3433100
2004-09-16,11.06,11.25,11.04,11.08,10.652499,1736400
2004-09-17,11.15,11.17,10.8,10.97,10.546743,3199000
2004-09-20,10.92,10.92,10.74,10.83,10.412146,2368500
2004-09-21,10.95,11.28,10.89,11.2,10.76787,2183000
2004-09-22,11.18,11.18,10.81,10.84,10.421761,3766800
2004-09-23,10.8,10.85,10.49,10.61,10.200632,3509100
2004-09-24,10.6,10.66,10.4,10.63,10.219862,1432000
2004-09-27,10.64,10.64,10.44,10.5,10.094877,1787100
2004-09-28,10.51,10.84,10.51,10.84,10.421761,3037100
2004-09-29,10.51,10.72,10.42,10.71,10.296775,3981600
2004-09-30,10.59,10.84,10.56,10.74,10.325619,2551300
2004-10-01,10.71,10.99,10.71,10.86,10.440989,2259200
2004-10-04,10.86,11.33,10.86,11.3,10.864013,3870000
2004-10-05,11.32,11.42,10.96,11.03,10.604428,2488000
2004-10-06,11.07,11.1,10.83,10.98,10.556356,2252700
2004-10-07,10.88,10.94,10.7,10.71,10.296775,1505100
2004-10-08,10.61,10.68,10.0,10.12,9.729539,5656900
2004-10-11,10.17,10.25,10.02,10.18,9.787224,4423800
2004-10-12,10.1,10.1,9.71,9.89,9.508414,4663800
2004-10-13,9.89,9.9,9.63,9.69,9.316130000000001,3786100
2004-10-14,9.61,9.7,9.39,9.4,9.03732,4441400
2004-10-15,9.25,9.69,9.21,9.61,9.239218,5999400
2004-10-18,9.53,9.81,9.47,9.77,9.393044,3058900
2004-10-19,9.92,9.97,9.46,9.52,9.152688000000001,3336800
2004-10-20,9.47,9.47,9.28,9.31,8.950792,5512400
2004-10-21,9.31,9.8,9.22,9.73,9.354589,3775200
2004-10-22,9.73,10.07,9.51,9.62,9.248833,3166900
2004-10-25,9.5,9.6,9.38,9.44,9.075776,2671400
2004-10-26,9.15,9.66,9.15,9.65,9.277672,3477800
2004-10-27,9.66,9.95,9.56,9.89,9.508414,2255500
2004-10-28,9.9,10.04,9.79,9.99,9.604556,1844900
2004-10-29,10.05,10.15,9.82,10.08,9.691084,1849600
2004-11-01,10.08,10.09,9.91,10.08,9.691084,1577900
2004-11-02,10.05,10.26,9.93,10.19,9.796838000000001,2377400
2004-11-03,10.21,10.32,9.88,10.0,9.614169,3840800
2004-11-04,9.96,10.25,9.96,10.23,9.835294000000001,2269600
2004-11-05,11.0,11.81,10.82,11.8,11.34472,13118400
2004-11-08,11.7,11.75,11.36,11.6,11.152438,4958500
2004-11-09,11.6,11.84,11.48,11.74,11.287036,2959800
2004-11-10,11.85,11.89,11.27,11.55,11.104365,3778400
2004-11-11,11.5,11.68,11.27,11.5,11.056294,2953400
2004-11-12,11.55,11.67,11.42,11.66,11.210122,1663900
2004-11-15,11.51,11.7,11.47,11.69,11.238963,2796600
2004-11-16,11.59,11.61,11.43,11.48,11.037068,2072300
2004-11-17,11.6,11.93,11.55,11.83,11.373562,3087300
2004-11-18,11.98,12.63,11.85,12.6,12.113853,6742800
2004-11-19,12.9,13.1,12.19,12.21,11.738901,3711100
2004-11-22,12.13,12.26,12.02,12.15,11.681215,3444900
2004-11-23,12.11,12.46,11.95,12.43,11.950413000000001,3832100
2004-11-24,12.43,12.54,12.18,12.48,11.998485,1949900
2004-11-26,12.59,12.6,12.42,12.5,12.017710000000001,790800
2004-11-29,13.0,13.0,12.5,12.64,12.152312,4545300
2004-11-30,12.81,12.87,12.58,12.62,12.133082,3857000
2004-12-01,12.63,12.85,12.53,12.75,12.258068,2379000
2004-12-02,12.79,13.09,12.65,12.86,12.363821000000002,2489800
2004-12-03,12.96,13.16,12.8,13.08,12.575334,4387400
2004-12-06,13.14,13.18,12.75,12.75,12.258068,3953200
2004-12-07,12.75,12.88,12.5,12.53,12.046553999999999,3400800
2004-12-08,12.54,12.69,12.37,12.65,12.161923,1800500
2004-12-09,12.54,12.69,12.39,12.6,12.113853,2166800
2004-12-10,12.55,12.74,12.53,12.72,12.229224,2141400
2004-12-13,12.75,13.12,12.64,13.07,12.565719999999999,2833000
2004-12-14,13.05,14.05,13.05,13.91,13.37331,8136000
2004-12-15,13.84,14.29,13.76,14.23,13.680963,7969300
2004-12-16,14.22,14.35,14.08,14.28,13.729033,3113900
2004-12-17,14.29,14.39,14.02,14.24,13.690579000000001,3064500
2004-12-20,14.27,14.65,14.27,14.56,13.99823,3481600
2004-12-21,14.6,14.71,14.51,14.65,14.084757000000002,4806600
2004-12-22,14.6,14.68,14.57,14.65,14.084757000000002,2268500
2004-12-23,14.65,15.0,14.56,14.78,14.209742000000002,2747400
2004-12-27,14.8,14.89,14.6,14.82,14.248199,1393300
2004-12-28,14.82,15.01,14.68,15.01,14.430869,1943700
2004-12-29,14.9,15.0,14.85,14.95,14.373183,1966200
2004-12-30,14.95,15.0,14.86,14.89,14.3155,2383600
2004-12-31,14.84,14.84,14.42,14.66,14.094373000000001,2813200
2005-01-03,14.67,14.97,14.58,14.9,14.325111999999999,3805200
2005-01-04,14.98,15.0,14.32,14.46,13.902088000000001,3385900
2005-01-05,14.46,14.75,14.15,14.34,13.786717999999999,2399400
2005-01-06,14.36,14.81,14.35,14.63,14.065529000000002,3392100
2005-01-07,14.7,14.74,14.58,14.7,14.132831,2420600
2005-01-10,14.7,14.83,14.55,14.59,14.027073000000001,3276600
2005-01-11,14.57,14.65,14.45,14.56,13.99823,1963700
2005-01-12,14.53,14.69,14.33,14.51,13.950160999999998,2222900
2005-01-13,14.5,15.09,14.47,14.87,14.296269,4829800
2005-01-14,14.94,15.4,14.8,15.32,14.728907999999999,3006000
2005-01-18,15.2,15.41,14.87,15.36,14.767364,3903400
2005-01-19,15.3,15.54,15.17,15.24,14.651997,1910900
2005-01-20,15.2,15.21,14.71,14.79,14.219357,3249300
2005-01-21,14.79,14.85,14.45,14.52,13.959776000000002,2693600
2005-01-24,14.51,14.63,14.34,14.39,13.834789,2966000
2005-01-25,14.4,15.0,14.4,14.62,14.055918,2863500
2005-01-26,14.61,15.19,14.53,15.06,14.478939000000002,5842300
2005-01-27,15.06,15.64,14.98,15.61,15.007719,4442200
2005-01-28,15.55,15.6,15.2,15.37,14.776978,1949500
2005-01-31,15.45,15.68,15.22,15.44,14.844278,2612100
2005-02-01,15.5,16.09,15.47,15.96,15.344215,2352500
2005-02-02,15.99,16.09,15.7,15.99,15.373057000000001,1401100
2005-02-03,15.87,16.0,15.62,16.0,15.382670999999998,3036900
2005-02-04,15.46,15.59,14.3,14.42,13.863634,10294000
2005-02-07,14.37,14.45,13.85,14.05,13.507907999999999,5444900
2005-02-08,14.1,14.34,14.07,14.26,13.709806,2477900
2005-02-09,14.26,14.35,13.84,13.9,13.363696,2254000
2005-02-10,13.87,13.93,13.62,13.77,13.238714000000002,3655000
2005-02-11,13.76,14.19,13.65,14.0,13.459837,1741900
2005-02-14,14.04,14.34,14.04,14.28,13.729033,1553100
2005-02-15,14.29,14.72,14.29,14.45,13.892475,2088200
2005-02-16,14.33,14.34,13.89,13.91,13.37331,3807800
2005-02-17,13.9,13.96,13.64,13.7,13.171414000000002,2215100
2005-02-18,13.8,13.96,13.68,13.79,13.257939000000002,1758200
2005-02-22,13.75,13.76,13.1,13.12,12.61379,3054400
2005-02-23,13.65,14.09,13.65,14.0,13.459837,8903900
2005-02-24,14.0,14.44,13.9,14.35,13.796334,3547600
2005-02-25,14.35,14.75,14.26,14.71,14.142442,2931900
2005-02-28,14.71,14.71,14.23,14.46,13.902088000000001,1827300
2005-03-01,14.58,14.67,14.48,14.55,13.988617999999999,1461300
2005-03-02,14.45,14.64,14.12,14.45,13.892475,2056300
2005-03-03,14.47,14.64,14.27,14.39,13.834789,2078000
2005-03-04,14.43,14.58,14.24,14.53,13.969388,1599300
2005-03-07,14.51,14.74,14.43,14.66,14.094373000000001,1450600
2005-03-08,14.61,14.71,14.39,14.53,13.969388,1201900
2005-03-09,14.35,14.5,14.29,14.44,13.88286,1385500
2005-03-10,14.4,14.63,14.26,14.63,14.065529000000002,2187000
2005-03-11,14.65,15.04,14.62,14.76,14.190514000000002,2821000
2005-03-14,14.7,15.02,14.56,14.84,14.267429000000002,2126700
2005-03-15,14.78,14.81,14.37,14.5,13.940545000000002,2715800
2005-03-16,14.15,14.45,13.92,14.04,13.498294,5241100
2005-03-17,14.09,14.12,13.35,13.88,13.344466,5856600
2005-03-18,13.92,13.99,13.54,13.65,13.123342000000001,3630000
2005-03-21,13.65,13.77,13.28,13.43,12.911831,2868700
2005-03-22,13.62,13.82,13.42,13.52,12.998358,3043500
2005-03-23,13.7,13.81,13.36,13.52,12.998358,2057600
2005-03-24,13.53,14.08,13.5,13.87,13.334851,2334900
2005-03-28,13.88,14.0,13.65,13.71,13.181025,3432500
2005-03-29,13.71,13.74,13.16,13.2,12.690703,2674000
2005-03-30,13.25,13.47,13.25,13.43,12.911831,2276800
2005-03-31,13.39,13.49,13.3,13.35,12.834919000000001,2130400
2005-04-01,13.32,13.67,12.97,13.06,12.556106,4161800
2005-04-04,13.13,13.16,12.82,12.96,12.459964,3964400
2005-04-05,13.04,13.06,12.86,12.99,12.488806,2391700
2005-04-06,12.98,13.03,12.87,12.93,12.431122,2125700
2005-04-07,12.9,13.22,12.83,13.13,12.623405,1735700
2005-04-08,13.16,13.16,12.77,12.8,12.306138,2753000
2005-04-11,12.84,13.0,12.78,12.84,12.344592,3399700
2005-04-12,12.82,12.98,12.45,12.92,12.421508,2374400
2005-04-13,12.9,12.92,12.47,12.58,12.094625,2474700
2005-04-14,12.59,12.69,11.84,11.99,11.527387,3961100
2005-04-15,11.95,12.04,11.25,11.47,11.027453999999999,7495100
2005-04-18,11.43,11.54,11.24,11.54,11.094750999999999,4809100
2005-04-19,11.55,11.85,11.51,11.68,11.229349000000001,5693700
2005-04-20,11.77,11.77,11.35,11.38,10.940925,3537100
2005-04-21,11.55,11.9,11.46,11.85,11.392791,2353100
2005-04-22,11.83,11.88,11.65,11.77,11.315878999999999,2550300
2005-04-25,11.77,11.79,11.59,11.78,11.325492,1150900
2005-04-26,11.72,11.82,11.55,11.57,11.123594,1607200
2005-04-27,11.85,12.15,11.73,11.99,11.527387,4700300
2005-04-28,11.95,12.03,11.61,11.65,11.200509,3109700
2005-04-29,11.8,11.96,11.67,11.87,11.412019,2735900
2005-05-02,11.9,12.22,11.87,12.17,11.700445,2487900
2005-05-03,12.18,12.66,12.16,12.49,12.008098,5018300
2005-05-04,12.56,13.11,12.55,12.98,12.479192999999999,4894800
2005-05-05,13.95,14.28,13.1,13.2,12.690703,9910000
2005-05-06,13.3,13.46,13.17,13.29,12.777233,1969800
2005-05-09,13.2,13.35,13.1,13.31,12.79646,2268400
2005-05-10,13.31,13.35,13.08,13.18,12.671475,1927600
2005-05-11,13.25,13.49,13.19,13.38,12.863758,2194700
2005-05-12,13.4,13.56,12.94,13.07,12.565719999999999,3956400
2005-05-13,13.15,13.64,13.13,13.5,12.97913,6367400
2005-05-16,13.55,13.96,13.54,13.9,13.363696,4213000
2005-05-17,13.85,14.0,13.58,13.75,13.219484,3571900
2005-05-18,13.77,14.41,13.76,14.19,13.642507,5158000
2005-05-19,13.6,14.03,13.5,13.95,13.411767000000001,3857700
2005-05-20,14.0,14.31,13.94,14.19,13.642507,3190200
2005-05-23,14.32,14.48,14.1,14.36,13.805948,2656100
2005-05-24,14.27,14.47,14.22,14.41,13.854020000000002,2521800
2005-05-25,14.38,14.44,14.07,14.26,13.709806,3065100
2005-05-26,14.31,14.53,14.29,14.51,13.950160999999998,1517200
2005-05-27,14.47,14.66,14.44,14.59,14.027073000000001,1005100
2005-05-31,14.59,14.59,14.33,14.39,13.834789,1543100
2005-06-01,14.41,14.65,14.31,14.41,13.854020000000002,1939800
2005-06-02,14.4,14.4,14.19,14.34,13.786717999999999,1480900
2005-06-03,14.35,14.47,14.12,14.3,13.748261999999999,1814800
2005-06-06,14.32,14.48,14.15,14.23,13.680963,2103200
2005-06-07,14.22,14.33,14.13,14.21,13.661736999999999,3385800
2005-06-08,14.26,14.63,14.13,14.15,13.604049,3638800
2005-06-09,14.15,14.28,13.98,14.25,13.700191,2539900
2005-06-10,14.27,14.43,14.14,14.25,13.700191,2287100
2005-06-13,14.17,14.4,14.11,14.24,13.690579000000001,1989700
2005-06-14,14.22,14.4,14.18,14.26,13.709806,1703800
2005-06-15,14.27,14.51,14.21,14.47,13.911706,2046900
2005-06-16,14.51,15.28,14.51,15.01,14.430869,4810400
2005-06-17,15.24,15.24,14.76,14.86,14.286655,3764100
2005-06-20,14.87,15.46,14.71,15.18,14.594311,6944200
2005-06-21,15.1,15.17,14.75,14.94,14.363569,2196900
2005-06-22,15.08,15.25,14.69,14.79,14.219357,2604600
2005-06-23,14.74,14.82,14.3,14.4,13.844404,2849800
2005-06-24,14.14,14.41,13.85,14.24,13.690579000000001,7117200
2005-06-27,14.24,14.49,14.19,14.27,13.719419,2121500
2005-06-28,14.43,14.99,14.38,14.95,14.373183,3197200
2005-06-29,15.0,15.21,14.92,15.2,14.613536999999999,3846000
2005-06-30,15.38,15.4,14.88,14.9,14.325111999999999,3483400
2005-07-01,14.91,15.18,14.78,15.12,14.536624,1830600
2005-07-05,15.05,15.35,14.99,15.26,14.671223999999999,3924800
2005-07-06,15.2,15.25,15.05,15.1,14.517397,2985800
2005-07-07,14.85,15.0,14.6,14.96,14.382798999999999,2858600
2005-07-08,15.02,15.36,15.01,15.3,14.709682,2448800
2005-07-11,15.28,15.74,15.23,15.68,15.075019000000001,2287700
2005-07-12,15.65,15.68,15.26,15.58,14.978876999999999,2881100
2005-07-13,15.55,15.68,15.46,15.64,15.036562,1443700
2005-07-14,15.73,15.91,15.66,15.86,15.248073000000002,2142300
2005-07-15,15.9,15.94,15.8,15.9,15.286529999999999,1523500
2005-07-18,15.87,16.459999,15.87,16.25,15.623025,2779000
2005-07-19,16.33,16.440001000000002,16.17,16.360001,15.728781,2021500
2005-07-20,16.26,16.75,16.09,16.66,16.017205999999998,2011800
2005-07-21,16.700001,16.700001,16.25,16.299999,15.671095999999999,1870000
2005-07-22,16.32,16.4,15.8,16.120001000000002,15.49804,2291800
2005-07-25,16.120001000000002,16.42,16.07,16.17,15.546113,1842600
2005-07-26,16.49,17.440001000000002,16.450001,17.34,16.670969,7508500
2005-07-27,17.360001,17.4,16.92,17.200001,16.536373,3180000
2005-07-28,17.280001000000002,17.84,17.01,17.74,17.055538000000002,1974100
2005-07-29,17.709999,17.82,17.309998999999998,17.41,16.738272,2021900
2005-08-01,17.4,17.51,17.18,17.360001,16.690203,1758300
2005-08-02,17.299999,17.41,17.190001000000002,17.41,16.738272,1890700
2005-08-03,17.48,17.5,17.219998999999998,17.35,16.680585999999998,1919200
2005-08-04,17.35,17.67,17.25,17.450001,16.77673,2032900
2005-08-05,18.0,18.59,17.700001,18.49,17.7766,7244800
2005-08-08,18.549999,18.57,17.9,17.940001000000002,17.247823999999998,2451900
2005-08-09,17.98,18.129998999999998,17.75,17.84,17.151684,1569400
2005-08-10,17.860001,17.99,17.58,17.629998999999998,16.94978,2118200
2005-08-11,17.59,17.700001,17.34,17.65,16.969009,3240700
2005-08-12,17.6,17.66,17.4,17.540001,16.863255,1122500
2005-08-15,17.51,17.6,17.27,17.51,16.834412,1519100
2005-08-16,17.35,17.48,16.75,16.91,16.257559,3043400
2005-08-17,16.799999,16.98,16.6,16.91,16.257559,1821900
2005-08-18,16.870001000000002,17.07,16.700001,16.879998999999998,16.228718,1428300
2005-08-19,17.1,17.459999,17.0,17.08,16.421003,1685600
2005-08-22,17.08,17.32,16.969998999999998,17.139999,16.478683,1372800
2005-08-23,17.1,17.190001000000002,16.68,16.809998999999998,16.161417,1107800
2005-08-24,16.75,16.99,16.5,16.610001,15.969139000000002,1530100
2005-08-25,16.469998999999998,16.66,16.370001000000002,16.59,15.949907000000001,1033900
2005-08-26,17.0,17.02,16.549999,16.549999,15.911448000000002,1150700
2005-08-29,16.35,16.74,16.209999,16.67,16.026820999999998,1553000
2005-08-30,16.6,16.6,16.139999,16.360001,15.728781,1337200
2005-08-31,16.26,16.809998999999998,16.200001,16.799999,16.151806,2175600
2005-09-01,16.700001,16.799999,16.41,16.700001,16.055664,2153300
2005-09-02,16.690001000000002,16.799999,16.52,16.57,15.930675,996100
2005-09-06,16.57,16.57,16.299999,16.34,15.709556,3559400
2005-09-07,16.379998999999998,16.91,16.25,16.799999,16.151806,2326300
2005-09-08,16.709999,16.940001000000002,16.639999,16.74,16.094116,1282200
2005-09-09,16.709999,16.809998999999998,16.52,16.74,16.094116,1331300
2005-09-12,16.299999,16.92,16.299999,16.9,16.247948,1709600
2005-09-13,16.84,16.969998999999998,16.629998999999998,16.85,16.199873,1296300
2005-09-14,16.82,16.98,16.610001,16.65,16.007593,1495400
2005-09-15,16.629998999999998,16.67,16.440001000000002,16.469998999999998,15.834538,2457600
2005-09-16,16.4,16.450001,15.77,16.24,15.613411,4979700
2005-09-19,16.15,16.200001,15.77,15.88,15.267303,1685900
2005-09-20,15.66,16.08,15.34,15.44,14.844278,1944100
2005-09-21,15.25,15.43,14.87,15.03,14.450099,4170000
2005-09-22,14.99,15.2,14.7,15.0,14.421253,2936600
2005-09-23,15.09,16.139999,15.09,15.5,14.901962,2842500
2005-09-26,15.51,15.53,15.26,15.4,14.80582,1922100
2005-09-27,15.4,15.61,15.35,15.55,14.950033,891700
2005-09-28,15.54,15.58,15.35,15.43,14.834663,1079900
2005-09-29,15.35,15.49,15.2,15.49,14.89235,823200
2005-09-30,15.4,15.61,15.32,15.59,14.988491,1743900
2005-10-03,15.67,15.88,15.6,15.77,15.161546,1280300
2005-10-04,16.49,16.49,14.75,14.94,14.363569,4700300
2005-10-05,14.85,14.95,14.51,14.57,14.007844,2733300
2005-10-06,14.51,14.57,13.92,14.13,13.584823000000002,3326600
2005-10-07,14.13,14.3,14.04,14.14,13.594435,1691300
2005-10-10,13.95,14.03,12.8,13.0,12.498422999999999,5223200
2005-10-11,13.01,13.61,13.0,13.32,12.806072,4224800
2005-10-12,13.65,13.83,13.25,13.3,12.786845,2714800
2005-10-13,13.33,13.65,13.33,13.6,13.075273,1858900
2005-10-14,13.7,14.07,13.61,13.94,13.402152,2589300
2005-10-17,14.2,14.24,14.01,14.18,13.632893,1753900
2005-10-18,13.73,13.86,13.49,13.8,13.267555999999999,2231100
2005-10-19,13.77,13.91,13.47,13.87,13.334851,1934400
2005-10-20,13.88,14.11,13.64,13.65,13.123342000000001,2196000
2005-10-21,13.92,14.04,13.58,13.6,13.075273,2185200
2005-10-24,13.65,14.0,13.58,13.74,13.209867000000001,2690200
2005-10-25,13.74,13.77,13.12,13.34,12.825303,3664900
2005-10-26,13.47,13.61,13.36,13.38,12.863758,2555100
2005-10-27,14.25,15.63,14.22,15.35,14.75775,10192600
2005-10-28,15.32,15.4,15.05,15.24,14.651997,4905200
2005-10-31,15.17,15.72,15.15,15.64,15.036562,4111400
2005-11-01,15.71,15.78,15.36,15.55,14.950033,1979200
2005-11-02,16.1,16.33,15.37,15.7,15.094247,1615800
2005-11-03,15.73,15.98,15.58,15.79,15.180773,5417000
2005-11-04,15.85,15.98,15.46,15.74,15.132703,1059400
2005-11-07,15.74,15.96,15.64,15.96,15.344215,1998100
2005-11-08,15.8,15.94,15.58,15.63,15.026947,1546400
2005-11-09,15.59,15.65,15.26,15.56,14.959648000000001,5256100
2005-11-10,15.61,15.75,15.25,15.6,14.998103,2405600
2005-11-11,15.55,15.8,15.42,15.59,14.988491,1287800
2005-11-14,15.67,15.95,15.54,15.73,15.123088000000001,1233600
2005-11-15,15.82,15.83,15.38,15.6,14.998103,2009800
2005-11-16,15.7,15.76,15.26,15.4,14.80582,1692400
2005-11-17,15.51,15.65,15.26,15.63,15.026947,1662700
2005-11-18,15.9,16.16,15.56,16.129998999999998,15.507654999999998,2650800
2005-11-21,16.1,16.549999,15.94,16.549999,15.911448000000002,2420600
2005-11-22,16.450001,17.0,16.34,16.99,16.334475,3139900
2005-11-23,16.9,17.280001000000002,16.85,17.17,16.507528,2475700
2005-11-25,17.299999,17.459999,16.879998999999998,16.969998999999998,16.315247,842600
2005-11-28,17.200001,17.27,16.92,17.07,16.411388,1187600
2005-11-29,17.08,17.309998999999998,17.030001000000002,17.110001,16.449844,1471500
2005-11-30,17.209999,17.360001,17.0,17.129998999999998,16.469072,2899900
2005-12-01,17.299999,17.469998999999998,17.139999,17.200001,16.536373,2053700
2005-12-02,17.299999,17.469998999999998,16.879998999999998,17.09,16.43062,1700000
2005-12-05,17.01,17.200001,16.82,17.15,16.4883,1844200
2005-12-06,17.15,17.290001,17.01,17.15,16.4883,1941200
2005-12-07,17.15,17.18,16.75,16.879998999999998,16.228718,1704700
2005-12-08,16.77,16.92,16.629998999999998,16.83,16.180651,1690600
2005-12-09,16.780001000000002,17.18,16.67,17.110001,16.449844,943000
2005-12-12,17.049999,17.23,16.950001,17.15,16.4883,1873600
2005-12-13,17.02,17.370001000000002,16.98,17.290001,16.6229,2741500
2005-12-14,17.23,17.42,17.190001000000002,17.389999,16.719038,2129900
2005-12-15,17.309998999999998,17.75,17.25,17.75,17.065151,2188100
2005-12-16,17.73,17.75,17.370001000000002,17.5,16.8248,2950900
2005-12-19,17.450001,17.66,16.98,17.15,16.4883,2761100
2005-12-20,17.049999,17.709999,16.99,17.709999,17.026691,2274600
2005-12-21,17.75,17.99,17.469998999999998,17.690001000000002,17.007469,2382200
2005-12-22,17.629998999999998,18.049999,17.59,17.93,17.238209,1977600
2005-12-23,17.9,18.110001,17.700001,17.9,17.209362,1498300
2005-12-27,17.879998999999998,18.18,17.629998999999998,17.66,16.978621,1656400
2005-12-28,17.74,17.870001000000002,17.639999,17.77,17.084377,1544700
2005-12-29,17.6,17.74,17.48,17.610001,16.930552,1879800
2005-12-30,17.6,17.610001,17.280001000000002,17.379998999999998,16.709425,1648100
2006-01-03,17.540001,17.889999,17.360001,17.860001,17.170901999999998,1952300
2006-01-04,17.98,17.99,17.67,17.85,17.161291000000002,1789200
2006-01-05,17.799999,17.959999,17.6,17.799999,17.113220000000002,1749700
2006-01-06,17.969998999999998,18.540001,17.93,18.469998999999998,17.757376,2993200
2006-01-09,18.51,18.709999,18.190001000000002,18.690001000000002,17.968884,2375300
2006-01-10,18.6,18.639999,18.360001,18.370001000000002,17.661236,2030700
2006-01-11,18.33,18.559998999999998,18.209999,18.42,17.709303,2446100
2006-01-12,18.309998999999998,18.379998999999998,17.98,18.15,17.449717,1803500
2006-01-13,18.110001,18.32,18.08,18.25,17.545858,892700
2006-01-17,18.1,18.139999,17.719998999999998,18.120001000000002,17.420873999999998,2387000
2006-01-18,17.969998999999998,18.040001,17.549999,17.700001,17.01708,1553800
2006-01-19,17.83,18.18,17.68,18.01,17.315120999999998,1340100
2006-01-20,18.35,18.379998999999998,17.57,17.629998999999998,16.94978,1611200
2006-01-23,17.59,18.07,17.219998999999998,17.959999,17.267046,1937700
2006-01-24,17.93,18.290001,17.76,18.209999,17.507404,1749100
2006-01-25,18.200001,18.200001,17.75,17.889999,17.199747,1853700
2006-01-26,17.98,18.34,17.799999,18.299999,17.593933,1594100
2006-01-27,18.290001,19.15,18.15,18.870001000000002,18.141939,2900600
2006-01-30,18.950001,19.309998999999998,18.530001000000002,18.76,18.036185999999997,2619800
2006-01-31,16.530001000000002,16.799999,15.52,15.64,15.036562,17666300
2006-02-01,15.7,15.8,15.34,15.54,14.940419,5027700
2006-02-02,15.57,15.65,15.05,15.41,14.815435,3720900
2006-02-03,15.26,15.43,15.1,15.21,14.623151000000002,2881100
2006-02-06,15.6,15.85,15.2,15.27,14.680838,6249600
2006-02-07,15.35,15.55,14.91,15.0,14.421253,8678700
2006-02-08,15.05,15.1,14.65,14.82,14.248199,6947300
2006-02-09,14.85,14.91,14.61,14.7,14.132831,4191800
2006-02-10,14.68,14.98,14.6,14.91,14.334726999999999,4004000
2006-02-13,15.15,15.29,14.85,15.01,14.430869,2255300
2006-02-14,15.1,15.36,15.0,15.3,14.709682,1757500
2006-02-15,15.37,15.58,15.2,15.44,14.844278,2304200
2006-02-16,15.25,15.25,14.39,14.51,13.950160999999998,7638200
2006-02-17,14.61,14.9,14.5,14.87,14.296269,5300700
2006-02-21,14.83,14.95,14.51,14.61,14.046301000000001,3180500
2006-02-22,14.61,14.92,14.52,14.72,14.152060999999998,3081300
2006-02-23,14.64,14.75,14.4,14.59,14.027073000000001,3273000
2006-02-24,14.6,14.7,14.43,14.55,13.988617999999999,2185300
2006-02-27,14.45,14.62,14.35,14.4,13.844404,3140900
2006-02-28,14.4,14.47,14.21,14.33,13.777104000000001,2825400
2006-03-01,14.33,14.55,14.15,14.52,13.959776000000002,3177100
2006-03-02,14.38,14.43,14.06,14.08,13.536753,2860900
2006-03-03,14.0,14.1,13.35,13.42,12.902215,6324900
2006-03-06,13.42,13.69,13.38,13.41,12.892603,5586700
2006-03-07,13.2,13.3,12.84,12.94,12.440737,5198700
2006-03-08,12.96,13.13,12.78,13.07,12.565719999999999,8717900
2006-03-09,13.17,13.4,13.01,13.14,12.63302,3252100
2006-03-10,13.15,13.41,13.03,13.18,12.671475,1563900
2006-03-13,13.3,13.36,12.95,12.99,12.488806,2380500
2006-03-14,12.95,13.11,12.81,13.0,12.498422999999999,4733500
2006-03-15,13.06,13.33,13.01,13.27,12.758003,4411400
2006-03-16,13.37,13.74,13.31,13.65,13.123342000000001,2482600
2006-03-17,13.98,14.0,13.67,13.73,13.200254000000001,2769000
2006-03-20,13.77,13.89,13.54,13.7,13.171414000000002,1815900
2006-03-21,13.61,13.8,13.54,13.65,13.123342000000001,1685800
2006-03-22,13.65,13.76,13.58,13.75,13.219484,2369600
2006-03-23,13.8,13.95,13.75,13.79,13.257939000000002,1688500
2006-03-24,13.89,14.16,13.86,14.02,13.479066,2361700
2006-03-27,14.13,14.22,13.98,14.01,13.469453,1096400
2006-03-28,14.05,14.14,13.88,13.98,13.440610000000001,1950500
2006-03-29,13.99,14.45,13.93,14.2,13.652121,2551800
2006-03-30,14.2,14.5,14.16,14.28,13.729033,4206200
2006-03-31,14.28,14.5,14.14,14.48,13.921316000000001,2390600
2006-04-03,14.47,14.54,14.21,14.28,13.729033,2364900
2006-04-04,14.22,14.38,14.15,14.27,13.719419,2679000
2006-04-05,14.3,14.35,14.18,14.35,13.796334,1836500
2006-04-06,14.27,14.31,13.78,14.08,13.536753,3886300
2006-04-07,14.02,14.11,13.78,13.89,13.354082,1374200
2006-04-10,13.95,14.0,13.63,13.72,13.190641000000001,1810400
2006-04-11,13.7,13.84,13.51,13.54,13.017585,1831700
2006-04-12,13.5,13.69,13.41,13.65,13.123342000000001,1933100
2006-04-13,13.55,13.64,13.4,13.5,12.97913,1354900
2006-04-17,13.5,13.61,13.42,13.6,13.075273,1371900
2006-04-18,13.48,13.8,13.48,13.78,13.248326,1177600
2006-04-19,13.79,14.11,13.79,14.02,13.479066,1734500
2006-04-20,14.05,14.2,13.81,13.92,13.382924,3332200
2006-04-21,14.0,14.0,13.81,13.9,13.363696,1799000
2006-04-24,13.82,13.89,13.65,13.75,13.219484,2479100
2006-04-25,13.81,13.81,13.63,13.67,13.142570000000001,2271600
2006-04-26,13.65,13.95,13.58,13.9,13.363696,3170700
2006-04-27,13.8,14.05,13.76,13.99,13.450223000000001,1262500
2006-04-28,14.03,14.14,13.9,14.0,13.459837,2128900
2006-05-01,13.94,14.12,13.8,13.91,13.37331,1387400
2006-05-02,14.06,14.18,13.97,14.15,13.604049,1697800
2006-05-03,14.14,14.43,14.0,14.27,13.719419,2199400
2006-05-04,14.4,15.15,14.3,14.87,14.296269,7474900
2006-05-05,15.0,15.42,14.96,15.2,14.613536999999999,5595500
2006-05-08,15.24,15.24,14.91,15.05,14.469325,3110900
2006-05-09,15.0,15.25,14.78,14.91,14.334726999999999,3782800
2006-05-10,14.95,15.04,14.6,15.01,14.430869,4224100
2006-05-11,15.02,15.08,14.54,14.65,14.084757000000002,4949500
2006-05-12,14.76,14.8,14.46,14.5,13.940545000000002,2423200
2006-05-15,14.5,14.5,14.2,14.21,13.661736999999999,3300800
2006-05-16,14.16,14.43,14.04,14.09,13.546366,1710700
2006-05-17,13.99,14.01,13.48,13.74,13.209867000000001,3485000
2006-05-18,13.68,13.83,13.32,13.38,12.863758,2962300
2006-05-19,13.5,13.64,13.2,13.53,13.007971000000001,2828600
2006-05-22,13.03,13.19,12.22,12.71,12.219608000000001,7138600
2006-05-23,13.5,13.5,13.01,13.11,12.604175,4548600
2006-05-24,12.99,13.18,12.7,12.93,12.431122,3115700
2006-05-25,12.99,13.08,12.81,13.04,12.536878,2114100
2006-05-26,13.14,13.2,12.98,13.04,12.536878,1232300
2006-05-30,12.99,13.0,12.47,12.5,12.017710000000001,2598300
2006-05-31,12.54,12.82,12.52,12.72,12.229224,2132100
2006-06-01,12.75,12.76,12.48,12.68,12.190767999999998,2821000
2006-06-02,12.53,12.63,12.5,12.58,12.094625,1657600
2006-06-05,12.52,12.54,12.03,12.14,11.6716,2966200
2006-06-06,12.15,12.24,11.7,11.88,11.421633,3673200
2006-06-07,12.06,12.29,11.76,12.05,11.585074,3487800
2006-06-08,12.01,12.05,11.57,11.89,11.431249000000001,2530100
2006-06-09,11.88,12.03,11.72,11.81,11.354335,1519800
2006-06-12,11.78,11.89,11.6,11.63,11.181277,1913400
2006-06-13,11.58,11.82,11.41,11.44,10.998609,2086600
2006-06-14,11.4,11.7,11.34,11.51,11.06591,2041400
2006-06-15,11.56,11.92,11.55,11.77,11.315878999999999,2232100
2006-06-16,11.77,11.82,11.58,11.67,11.219736,1361500
2006-06-19,11.75,11.82,11.12,11.29,10.854397,2564300
2006-06-20,11.31,11.37,11.06,11.13,10.700571,2701900
2006-06-21,11.05,11.62,10.6,11.46,11.01784,7358900
2006-06-22,11.38,11.43,10.96,11.09,10.662115,4209000
2006-06-23,11.09,11.1,10.94,10.99,10.565972,1961800
2006-06-26,10.96,11.06,10.73,10.86,10.440989,2746000
2006-06-27,10.6,10.8,10.35,10.55,10.142947999999999,3154500
2006-06-28,10.45,10.83,10.42,10.78,10.364075,1955300
2006-06-29,10.78,11.07,10.65,11.04,10.614042999999999,2267400
2006-06-30,11.14,11.25,10.97,11.1,10.671728,1850600
2006-07-03,11.14,11.14,10.92,11.09,10.662115,829600
2006-07-05,11.07,11.08,10.8,10.89,10.469831,1589000
2006-07-06,10.91,10.96,10.66,10.73,10.316005,2112300
2006-07-07,10.67,10.69,10.46,10.6,10.191021000000001,3045200
2006-07-10,10.59,10.77,10.42,10.61,10.200632,1501300
2006-07-11,10.55,10.64,10.42,10.64,10.229478,1229500
2006-07-12,10.59,10.62,10.4,10.48,10.07565,1481900
2006-07-13,10.38,10.4,9.97,10.08,9.691084,3556800
2006-07-14,9.98,10.06,9.76,9.99,9.604556,2531500
2006-07-17,9.97,10.04,9.85,9.91,9.527642,1608400
2006-07-18,9.87,10.01,9.75,9.86,9.479572000000001,2993200
2006-07-19,9.86,10.12,9.83,10.11,9.719923,5345200
2006-07-20,10.21,10.43,9.98,10.02,9.6334,2443700
2006-07-21,10.0,10.01,9.76,9.94,9.556483,4011800
2006-07-24,10.07,10.34,10.07,10.14,9.748769,2210800
2006-07-25,10.19,10.42,10.12,10.3,9.902596,1952900
2006-07-26,10.25,10.36,10.2,10.26,9.864138,1578600
2006-07-27,10.33,10.42,10.21,10.3,9.902596,1883900
2006-07-28,10.34,10.63,10.34,10.57,10.162177,2817300
2006-07-31,10.65,11.05,10.63,11.0,10.575588,3490500
2006-08-01,10.96,11.15,10.8,11.12,10.690955,4613200
2006-08-02,11.1,11.43,11.08,11.11,10.681343,4206800
2006-08-03,11.11,11.13,10.7,11.07,10.642886,3606200
2006-08-04,11.4,12.18,11.4,11.79,11.335106,9722100
2006-08-07,11.79,12.17,11.76,12.01,11.546617999999999,4904000
2006-08-08,11.99,12.01,11.61,11.67,11.219736,3055500
2006-08-09,11.7,11.94,11.56,11.59,11.142822,3073000
2006-08-10,11.56,11.74,11.52,11.7,11.248579,1870600
2006-08-11,11.76,11.83,11.24,11.3,10.864013,3283800
2006-08-14,11.36,11.55,11.26,11.29,10.854397,2969200
2006-08-15,11.39,11.49,11.27,11.34,10.902469,4063400
2006-08-16,11.39,11.62,11.2,11.49,11.04668,6540700
2006-08-17,11.53,12.08,11.53,11.73,11.277421,4228100
2006-08-18,11.83,11.93,11.48,11.69,11.238963,4206800
2006-08-21,11.67,11.67,11.46,11.47,11.027453999999999,1788500
2006-08-22,11.98,11.98,11.6,11.72,11.267808,6690700
2006-08-23,11.76,11.98,11.73,11.85,11.392791,3657200
2006-08-24,11.95,12.05,11.71,11.73,11.277421,2552300
2006-08-25,11.72,12.29,11.65,12.16,11.690828999999999,4552000
2006-08-28,12.17,12.7,12.16,12.6,12.113853,4789700
2006-08-29,12.65,13.31,12.6,13.22,12.70993,7952000
2006-08-30,13.45,13.87,13.32,13.45,12.931058,7337400
2006-08-31,13.56,13.78,13.45,13.6,13.075273,3591000
2006-09-01,13.7,13.88,13.4,13.77,13.238714000000002,3161400
2006-09-05,13.63,14.07,13.57,14.05,13.507907999999999,4760200
2006-09-06,13.95,14.04,13.72,13.95,13.411767000000001,6025900
2006-09-07,13.8,14.02,13.7,13.97,13.430995000000001,2484200
2006-09-08,14.0,14.75,14.0,14.57,14.007844,6559100
2006-09-11,14.5,14.57,14.32,14.53,13.969388,3179100
2006-09-12,14.48,15.0,14.46,14.94,14.363569,3052600
2006-09-13,14.85,14.85,14.64,14.78,14.209742000000002,4347900
2006-09-14,14.73,15.04,14.65,14.83,14.257814000000002,3775800
2006-09-15,15.03,15.07,14.09,14.22,13.671348000000002,7259000
2006-09-18,14.22,14.58,14.11,14.19,13.642507,4513400
2006-09-19,14.18,14.49,14.12,14.49,13.930932,2532500
2006-09-20,14.45,14.76,14.43,14.69,14.123213,3751600
2006-09-21,14.62,14.62,14.14,14.22,13.671348000000002,3617800
2006-09-22,14.18,14.37,14.01,14.35,13.796334,3366400
2006-09-25,14.34,14.57,14.03,14.47,13.911706,5552200
2006-09-26,14.49,14.82,14.36,14.77,14.200128,2581500
2006-09-27,14.65,14.83,14.56,14.64,14.075147,3481600
2006-09-28,14.64,14.78,14.47,14.67,14.103989000000002,2627000
2006-09-29,14.68,14.71,14.4,14.5,13.940545000000002,3302300
2006-10-02,14.43,14.79,13.95,14.38,13.825175,6255900
2006-10-03,14.38,14.39,14.12,14.3,13.748261999999999,5076600
2006-10-04,14.25,14.37,13.99,14.29,13.738648999999999,5360100
2006-10-05,14.19,14.49,13.61,14.24,13.690579000000001,11437600
2006-10-06,14.14,14.46,13.92,14.46,13.902088000000001,4779100
2006-10-09,14.21,14.61,14.15,14.55,13.988617999999999,4584100
2006-10-10,14.6,14.62,14.21,14.51,13.950160999999998,2664100
2006-10-11,14.44,14.46,14.16,14.32,13.767491,2061200
2006-10-12,14.32,14.76,14.27,14.73,14.16167,3206700
2006-10-13,14.65,14.7,14.35,14.56,13.99823,2842300
2006-10-16,14.64,14.71,14.25,14.29,13.738648999999999,2800400
2006-10-17,14.2,14.32,14.1,14.28,13.729033,1862900
2006-10-18,14.27,14.4,14.18,14.31,13.757878,3781800
2006-10-19,14.24,14.57,14.2,14.45,13.892475,2133300
2006-10-20,14.52,14.7,14.31,14.7,14.132831,2121600
2006-10-23,14.55,14.89,14.5,14.73,14.16167,2795900
2006-10-24,14.63,14.96,14.63,14.92,14.344341,1990400
2006-10-25,14.96,15.16,14.88,15.05,14.469325,2861000
2006-10-26,15.06,15.24,14.88,15.18,14.594311,2239900
2006-10-27,15.16,15.3,14.83,14.96,14.382798999999999,2251900
2006-10-30,14.86,15.26,14.62,15.18,14.594311,2871200
2006-10-31,15.1,15.48,15.05,15.33,14.738520999999999,3471600
2006-11-01,15.43,15.81,15.33,15.34,14.748137,4500300
2006-11-02,15.38,15.48,15.25,15.38,14.786593,3048400
2006-11-03,15.37,15.45,15.01,15.28,14.690451999999999,1845100
2006-11-06,15.28,15.43,15.13,15.23,14.64238,1612900
2006-11-07,15.2,15.32,15.04,15.1,14.517397,2059800
2006-11-08,14.92,15.2,14.9,15.17,14.584694,2972800
2006-11-09,16.27,17.82,16.16,17.540001,16.863255,19874600
2006-11-10,17.6,18.23,17.43,18.02,17.324732,9549200
2006-11-13,18.0,18.6,17.969998999999998,18.24,17.536243,8309400
2006-11-14,18.0,18.549999,17.860001,18.34,17.632386999999998,7299000
2006-11-15,18.1,18.549999,18.1,18.450001,17.738142,4889300
2006-11-16,18.799999,18.860001,18.34,18.41,17.69969,3491800
2006-11-17,18.299999,18.33,17.66,18.0,17.305504,6175100
2006-11-20,17.879998999999998,18.07,17.700001,17.790001,17.103610999999997,3961700
2006-11-21,17.950001,17.959999,17.66,17.780001000000002,17.093996,2884500
2006-11-22,17.73,17.99,17.66,17.889999,17.199747,2734400
2006-11-24,17.74,17.93,17.700001,17.889999,17.199747,822100
2006-11-27,17.75,17.799999,16.799999,16.950001,16.296017000000003,5498700
2006-11-28,16.67,16.860001,16.6,16.790001,16.142187,3490000
2006-11-29,16.809998999999998,17.190001000000002,16.809998999999998,17.059998999999998,16.401775,2316700
2006-11-30,16.969998999999998,17.190001000000002,16.639999,16.85,16.199873,3827400
2006-12-01,16.950001,16.98,16.6,16.799999,16.151806,2977600
2006-12-04,16.75,17.18,16.610001,17.02,16.363316,2729600
2006-12-05,17.049999,17.57,17.049999,17.530001000000002,16.853638,3522600
2006-12-06,17.4,17.530001000000002,17.32,17.450001,16.77673,3240500
2006-12-07,17.49,17.719998999999998,17.219998999999998,17.35,16.680585999999998,2360600
2006-12-08,17.26,17.85,17.08,17.719998999999998,17.036308,4870400
2006-12-11,17.719998999999998,18.139999,17.67,18.110001,17.411264000000003,4389600
2006-12-12,18.0,18.0,17.709999,17.83,17.142063,3490400
2006-12-13,17.77,18.299999,17.77,18.040001,17.343966,5101200
2006-12-14,18.18,18.620001000000002,17.950001,18.6,17.882359,4332400
2006-12-15,18.799999,19.309998999999998,18.6,19.200001,18.459206,9409100
2006-12-18,19.200001,19.200001,18.67,18.98,18.247692,3827100
2006-12-19,18.809998999999998,18.92,18.549999,18.85,18.122709,2732500
2006-12-20,18.85,19.75,18.780001000000002,19.73,18.968754,4164900
2006-12-21,19.52,19.66,19.129998999999998,19.43,18.680329999999998,3102100
2006-12-22,19.5,19.75,19.25,19.719998999999998,18.959145,2108600
2006-12-26,20.209999,20.379998999999998,19.9,20.120001000000002,19.343706,3714400
2006-12-27,20.09,20.280001000000002,19.969998999999998,20.219998999999998,19.439846,3262100
2006-12-28,20.049999,20.26,19.9,20.01,19.237955,2182300
2006-12-29,20.049999,21.35,19.99,20.99,20.180141,8048600
2007-01-03,21.51,23.0,21.4,22.799999,21.920305,13407400
2007-01-04,22.450001,22.77,22.07,22.67,21.795324,8013000
2007-01-05,22.58,23.530001000000002,22.290001,23.280001000000002,22.381784,8792300
2007-01-08,23.02,24.139999,23.01,24.040001,23.112467000000002,8345100
2007-01-09,23.6,25.030001000000002,23.6,24.950001,23.987351999999998,9420300
2007-01-10,23.75,25.0,23.559998999999998,24.82,23.862366,5764300
2007-01-11,24.49,24.99,24.309998999999998,24.5,23.554716,5468900
2007-01-12,24.299999,24.59,24.02,24.51,23.564332999999998,4392600
2007-01-16,24.290001,24.65,24.030001000000002,24.51,23.564332999999998,4148000
2007-01-17,24.309998999999998,24.42,24.08,24.139999,23.208605,4440000
2007-01-18,23.83,24.35,23.66,23.91,22.987482,5635600
2007-01-19,24.030001000000002,24.5,23.93,24.219998999999998,23.285521,4581500
2007-01-22,24.209999,24.290001,23.85,23.92,22.997097,3552300
2007-01-23,23.92,24.5,23.83,24.26,23.323982,2817800
2007-01-24,24.440001000000002,25.15,24.209999,25.08,24.112343,4437400
2007-01-25,25.08,25.33,24.370001000000002,24.530001000000002,23.583557,5302500
2007-01-26,24.530001000000002,24.809998999999998,24.190001000000002,24.700001,23.747,2107300
2007-01-29,24.629998999999998,25.0,24.450001,24.51,23.564332999999998,3148700
2007-01-30,24.66,24.83,24.5,24.690001000000002,23.737391,2705700
2007-01-31,24.610001,24.74,24.280001000000002,24.690001000000002,23.737391,2634700
2007-02-01,24.690001000000002,24.969998999999998,24.32,24.549999,23.602785,2938200
2007-02-02,24.65,24.950001,24.360001,24.889999,23.92967,7646400
2007-02-05,24.99,25.540001,24.9,25.129998999999998,24.160414000000003,3652800
2007-02-06,25.190001000000002,25.200001,24.75,24.99,24.02581,2872100
2007-02-07,24.93,25.379998999999998,24.799999,25.110001,24.141182,2604100
2007-02-08,24.91,25.790001,24.809998999999998,25.700001,24.708416,3604800
2007-02-09,25.700001,25.85,25.049999,25.110001,24.141182,3121100
2007-02-12,25.110001,25.26,24.58,24.66,23.708544,8022800
2007-02-13,24.41,24.65,23.799999,24.629998999999998,23.679697,3603700
2007-02-14,24.74,25.0,24.379998999999998,24.85,23.891214,5218300
2007-02-15,25.0,25.629998999999998,25.0,25.41,24.429607,6099000
2007-02-16,25.120001000000002,25.360001,24.51,25.18,24.208485,5083000
2007-02-20,25.1,25.450001,24.75,25.389999,24.410373999999997,3516500
2007-02-21,25.07,25.98,24.92,25.65,24.660345,8758400
2007-02-22,25.41,26.43,25.41,25.860001,24.862244,6279500
2007-02-23,25.780001000000002,26.25,25.65,26.120001000000002,25.112211,4423700
2007-02-26,26.1,26.35,25.559998999999998,25.639999,24.650726000000002,5351600
2007-02-27,25.389999,25.42,24.01,24.41,23.468187,7173900
2007-02-28,25.290001,25.290001,24.309998999999998,24.620001000000002,23.670085999999998,6681900
2007-03-01,24.6,26.709999,24.6,26.15,25.141052,15209200
2007-03-02,26.16,27.879998999999998,26.030001000000002,27.190001000000002,26.140926,11524300
2007-03-05,27.01,27.98,26.75,27.27,26.217840000000002,7132300
2007-03-06,27.610001,28.49,27.57,28.190001000000002,27.102345,8147500
2007-03-07,28.4,28.879998999999998,28.299999,28.48,27.381159000000004,5981600
2007-03-08,29.110001,29.610001,28.700001,28.860001,27.746496,8685300
2007-03-09,29.27,29.27,28.23,28.51,27.409997999999998,7188400
2007-03-12,28.700001,29.25,28.559998999999998,28.98,27.861864,4309400
2007-03-13,28.99,28.99,28.209999,28.25,27.160027000000003,3927000
2007-03-14,28.200001,28.219998999999998,27.25,27.940001000000002,26.861990000000002,4808500
2007-03-15,28.25,28.68,28.1,28.469998999999998,27.371541999999998,2724100
2007-03-16,28.76,29.0,28.059998999999998,28.26,27.169645000000003,3083400
2007-03-19,29.1,30.0,28.68,29.879998999999998,28.727139,5411400
2007-03-20,29.52,30.280001000000002,29.52,29.959999,28.804052000000002,4490100
2007-03-21,29.969998999999998,30.200001,29.67,30.0,28.842506,3725800
2007-03-22,29.780001000000002,30.610001,29.52,30.32,29.150164,3855500
2007-03-23,30.389999,30.610001,30.18,30.290001,29.121319,2883100
2007-03-26,31.25,32.16,31.24,31.76,30.534605,7328100
2007-03-27,31.5,31.690001000000002,31.219998999999998,31.52,30.303865000000002,5168400
2007-03-28,31.48,31.709999,31.25,31.43,30.217337,3706600
2007-03-29,31.559998999999998,31.790001,30.57,31.0,29.803925,3568000
2007-03-30,31.1,31.4,30.76,31.190001000000002,29.986596999999996,2908400
2007-04-02,31.1,31.75,30.959999,31.549999,30.332705999999998,4240000
2007-04-03,31.84,32.299999,31.75,31.98,30.746115000000003,3384200
2007-04-04,32.080002,32.720001,32.080002,32.66,31.399881,3008700
2007-04-05,32.700001,32.950001,32.240002000000004,32.91,31.64023,2133700
2007-04-09,33.349998,33.389998999999996,32.5,32.740002000000004,31.476796999999998,2819100
2007-04-10,32.700001,33.259997999999996,32.5,33.110001000000004,31.832520000000002,2864800
2007-04-11,33.25,33.48,32.57,33.209998999999996,31.928659000000003,3332600
2007-04-12,33.27,33.619999,32.0,33.48,32.188232,3124500
2007-04-13,33.5,33.599998,33.060001,33.18,31.899815000000004,1610200
2007-04-16,33.349998,33.799999,33.330002,33.75,32.447823,3146400
2007-04-17,33.700001,33.900002,32.98,33.200001,31.919046,2610800
2007-04-18,32.400002,32.73,32.009997999999996,32.299999,31.053767999999998,5242300
2007-04-19,31.34,32.689999,31.27,32.389998999999996,31.140296999999997,4213400
2007-04-20,32.790001000000004,32.799999,32.23,32.509997999999996,31.255665000000004,2521200
2007-04-23,32.549999,33.0,32.110001000000004,32.139998999999996,30.899944,3374000
2007-04-24,32.099998,32.5,31.75,32.220001,30.976862,2935700
2007-04-25,32.450001,32.630001,32.060001,32.439999,31.188366,2624300
2007-04-26,32.48,32.599998,31.85,32.5,31.24605,4398500
2007-04-27,33.5,35.0,33.330002,34.41,33.082359000000004,10404400
2007-04-30,34.990002000000004,35.0,33.099998,33.259997999999996,31.976732000000002,6112100
2007-05-01,32.799999,32.900002,31.719998999999998,32.57,31.313346999999997,5527600
2007-05-02,32.700001,33.330002,32.610001000000004,33.299999,32.015186,3396700
2007-05-03,33.150002,34.040001000000004,33.150002,33.830002,32.524738,4024800
2007-05-04,33.900002,33.900002,33.130001,33.68,32.380520000000004,2162800
2007-05-07,33.580002,33.779999,33.25,33.529999,32.236309000000006,2259600
2007-05-08,33.349998,33.459998999999996,32.810001,33.259997999999996,31.976732000000002,2260800
2007-05-09,33.0,33.68,32.830002,33.610001000000004,32.313225,2513400
2007-05-10,32.98,33.549999,32.650002,33.130001,31.851751,4243500
2007-05-11,33.09,33.369999,32.509997999999996,32.959998999999996,31.688309000000004,2751400
2007-05-14,32.68,33.23,32.560001,33.099998,31.822896999999998,2658600
2007-05-15,33.25,33.349998,32.580002,33.040001000000004,31.765215,2910800
2007-05-16,33.0,33.68,32.650002,33.27,31.986345,4877100
2007-05-17,33.66,34.98,33.0,34.900002,33.553459000000004,17790900
2007-05-18,34.990002000000004,35.240002000000004,34.48,34.98,33.630375,7549200
2007-05-21,34.759997999999996,34.970001,34.380001,34.52,33.188117999999996,5487300
2007-05-22,34.400002,34.540001000000004,34.080002,34.330002,33.005455,3008100
2007-05-23,34.369999,34.900002,34.299999,34.59,33.255417,4856700
2007-05-24,34.689999,35.099998,34.02,34.150002,32.832390000000004,3831000
2007-05-25,34.299999,34.619999,33.959998999999996,34.439999,33.111198,3324300
2007-05-29,34.439999,35.419998,34.439999,35.259997999999996,33.899559,3516100
2007-05-30,34.700001,35.200001,34.580002,35.16,33.803416999999996,3287700
2007-05-31,35.049999,36.09,34.98,35.470001,34.101463,5978600
2007-06-01,35.57,36.540001000000004,35.450001,36.130001,34.735991999999996,3429400
2007-06-04,36.139998999999996,36.59,35.900002,36.25,34.851376,2244300
2007-06-05,36.240002000000004,36.59,35.779999,36.389998999999996,34.985962,2544000
2007-06-06,36.290001000000004,36.290001000000004,35.470001,35.580002,34.207221999999994,3087200
2007-06-07,35.669998,35.740002000000004,34.119999,34.490002000000004,33.159279,3663800
2007-06-08,34.240002000000004,35.150002,33.599998,35.130001,33.774578000000005,3150200
2007-06-11,35.09,35.360001000000004,34.43,34.630001,33.293865000000004,1757600
2007-06-12,34.560001,34.700001,34.049999,34.119999,32.803551,2403700
2007-06-13,34.279999,35.25,33.950001,35.18,33.822659,3493900
2007-06-14,35.240002000000004,35.82,35.169998,35.279999,33.918789000000004,2273100
2007-06-15,35.599998,35.98,35.02,35.32,33.957240999999996,4064400
2007-06-18,35.07,35.32,34.889998999999996,34.970001,33.62075,2667700
2007-06-19,35.0,35.0,34.48,34.540001000000004,33.207336,2363600
2007-06-20,34.549999,35.279999,34.139998999999996,34.220001,32.899689,2576200
2007-06-21,34.220001,34.810001,33.860001000000004,34.650002,33.313103000000005,2187500
2007-06-22,34.549999,34.720001,33.990002000000004,34.669998,33.332329,2631600
2007-06-25,34.77,35.0,33.849998,33.98,32.668949,2296400
2007-06-26,34.23,34.389998999999996,33.599998,33.599998,32.303612,2663100
2007-06-27,33.5,33.639998999999996,32.84,33.549999,32.255534999999995,3598200
2007-06-28,33.459998999999996,34.209998999999996,33.389998999999996,33.830002,32.524738,2195800
2007-06-29,34.0,34.799999,33.849998,34.759997999999996,33.41885,4179500
2007-07-02,34.799999,35.970001,34.599998,35.82,34.437954,4585100
2007-07-03,35.950001,36.34,35.759997999999996,36.259997999999996,34.860981,1538200
2007-07-05,36.099998,36.599998,35.900002,36.419998,35.014809,2156400
2007-07-06,36.299999,36.849998,36.259997999999996,36.57,35.159019,2283700
2007-07-09,36.650002,36.900002,36.43,36.630001,35.216698,2378300
2007-07-10,36.470001,36.549999,35.740002000000004,35.740002000000004,34.361042,2083500
2007-07-11,35.5,35.830002,35.419998,35.720001,34.341805,1456000
2007-07-12,35.93,36.209998999999996,35.52,35.77,34.389889000000004,2047800
2007-07-13,35.779999,36.669998,35.689999,36.029999,34.639854,1947600
2007-07-16,35.98,36.279999,35.57,35.68,34.303368,1517100
2007-07-17,35.889998999999996,35.939999,35.119999,35.349998,33.986095,2085000
2007-07-18,35.5,35.779999,34.93,35.150002,33.793812,2459400
2007-07-19,35.349998,35.759997999999996,35.25,35.709998999999996,34.332203,2153100
2007-07-20,35.439999,35.669998,34.009997999999996,34.950001,33.601521000000005,7461400
2007-07-23,34.93,35.060001,34.419998,34.490002000000004,33.159279,1946100
2007-07-24,34.279999,34.349998,33.200001,33.369999,32.082485,3638000
2007-07-25,33.650002,33.889998999999996,31.629998999999998,32.049999,30.813415999999997,6878900
2007-07-26,31.1,31.1,27.32,29.18,28.054146000000003,16448100
2007-07-27,29.059998999999998,29.23,26.799999,27.0,25.95826,11025100
2007-07-30,27.530001000000002,29.15,26.879998999999998,29.120001000000002,27.99646,9566500
2007-07-31,29.85,30.450001,28.700001,28.719998999999998,27.611896999999995,7350300
2007-08-01,28.35,29.040001,26.35,27.5,26.438969,8668500
2007-08-02,27.120001000000002,28.0,27.09,27.459999,26.400509000000003,4778700
2007-08-03,26.68,27.549999,26.0,26.43,25.410255,3838100
2007-08-06,26.629998999999998,27.24,25.049999,25.91,24.910315,6052200
2007-08-07,25.5,27.030001000000002,25.16,25.290001,24.314234,7207000
2007-08-08,26.059998999999998,27.639999,25.280001000000002,26.940001000000002,25.900576,12547300
2007-08-09,26.200001,26.9,25.629998999999998,26.07,25.064138,10148300
2007-08-10,25.51,27.4,23.83,27.25,26.198612,9041700
2007-08-13,28.450001,29.25,27.74,28.950001,27.833021000000002,7272100
2007-08-14,28.83,29.299999,27.23,27.35,26.294756,5565300
2007-08-15,27.26,27.57,25.889999,26.0,24.996845,6413000
2007-08-16,25.43,25.9,24.0,25.15,24.179634,11240100
2007-08-17,26.379998999999998,28.15,25.299999,27.690001000000002,26.621634999999998,9520900
2007-08-20,27.809998999999998,28.200001,26.82,27.780001000000002,26.708164,3324000
2007-08-21,27.700001,28.959999,27.690001000000002,28.59,27.486915999999997,4458000
2007-08-22,29.049999,29.6,28.790001,29.49,28.352188,3939600
2007-08-23,29.58,29.92,28.540001,28.83,27.717647999999997,3060500
2007-08-24,28.950001,28.950001,27.639999,28.84,27.727268,4114500
2007-08-27,28.700001,28.799999,27.950001,28.129998999999998,27.044659000000003,1719800
2007-08-28,27.76,27.780001000000002,26.700001,26.91,25.871729000000002,3696800
2007-08-29,27.049999,27.83,27.0,27.83,26.756237,2363800
2007-08-30,27.42,27.58,26.9,27.309998999999998,26.256294,3010600
2007-08-31,27.799999,27.99,27.25,27.66,26.592794,2309600
2007-09-04,27.610001,27.82,27.0,27.559998999999998,26.496653000000002,3076600
2007-09-05,27.370001000000002,27.370001000000002,26.780001000000002,27.030001000000002,25.987099,3358900
2007-09-06,27.049999,27.299999,26.49,26.950001,25.910191,2504100
2007-09-07,26.4,26.51,25.719998999999998,25.92,24.919928,3856400
2007-09-10,26.1,26.120001000000002,24.309998999999998,25.280001000000002,24.304625,6732100
2007-09-11,25.25,25.719998999999998,25.0,25.309998999999998,24.333466,3907200
2007-09-12,25.24,25.360001,24.9,25.120001000000002,24.150797,2997200
2007-09-13,25.299999,25.68,24.98,25.610001,24.621891,3037500
2007-09-14,25.99,26.09,25.299999,25.52,24.53536,2566400
2007-09-17,25.389999,25.5,25.02,25.049999,24.083494,2083100
2007-09-18,25.190001000000002,27.0,25.0,26.889999,25.852498999999998,4426700
2007-09-19,27.34,28.709999,27.09,28.200001,27.111958,5916000
2007-09-20,28.280001000000002,28.690001000000002,27.9,28.16,27.073504999999997,2577900
2007-09-21,28.6,29.68,28.16,29.15,28.025305,5369300
2007-09-24,29.26,29.84,28.73,28.83,27.717647999999997,3221200
2007-09-25,28.9,28.99,27.76,28.870001000000002,27.756107,2343500
2007-09-26,29.15,31.25,29.0,30.24,29.073248,6195100
2007-09-27,30.74,31.059998999999998,30.34,30.49,29.313602000000003,4735800
2007-09-28,30.41,30.65,29.620001000000002,30.41,29.236689000000002,2922600
2007-10-01,30.75,30.870001000000002,29.639999,30.33,29.159777000000002,3356600
2007-10-02,30.15,30.620001000000002,29.85,30.43,29.255919,2140800
2007-10-03,30.01,30.49,29.59,29.780001000000002,28.631001,2556500
2007-10-04,29.67,29.99,29.219998999999998,29.559998999999998,28.419483000000003,2171200
2007-10-05,30.0,30.290001,29.370001000000002,30.01,28.852123,5594600
2007-10-08,29.82,30.59,29.799999,30.43,29.255919,2351000
2007-10-09,30.709999,30.75,29.92,30.43,29.255919,1988500
2007-10-10,30.43,30.639999,30.08,30.52,29.342446999999996,1551900
2007-10-11,30.67,31.360001,30.5,30.98,29.7847,8070600
2007-10-12,30.879998999999998,31.1,30.459999,30.76,29.573187,2916300
2007-10-15,30.76,31.059998999999998,29.610001,29.98,28.82328,3164400
2007-10-16,29.959999,30.219998999999998,29.33,30.0,28.842506,4185100
2007-10-17,29.93,30.76,29.5,30.09,28.929039000000003,4681800
2007-10-18,30.6,30.6,29.540001,29.860001,28.707912,3130800
2007-10-19,29.799999,29.809998999999998,28.5,28.51,27.409997999999998,4747500
2007-10-22,27.99,28.200001,26.809998999999998,27.76,26.688932,5885000
2007-10-23,27.690001000000002,28.190001000000002,27.450001,27.950001,26.871605,2411400
2007-10-24,27.58,27.77,26.91,27.469998999999998,26.410124,3863800
2007-10-25,27.83,27.83,26.58,26.879998999999998,25.842886,3505200
2007-10-26,27.08,27.809998999999998,26.82,27.48,26.419735,4221700
2007-10-29,27.48,27.76,26.99,27.110001,26.064018,4497400
2007-10-30,27.75,29.83,26.99,29.16,28.034917999999998,9921100
2007-10-31,29.209999,30.440001000000002,29.049999,30.15,28.986722999999998,4903600
2007-11-01,30.15,30.15,29.43,29.58,28.438715000000002,3975400
2007-11-02,29.629998999999998,30.77,29.4,30.48,29.303993,6036900
2007-11-05,29.59,30.67,29.59,30.469998999999998,29.294372999999997,3374200
2007-11-06,30.450001,30.790001,29.51,30.370001000000002,29.198233000000002,3368500
2007-11-07,29.5,29.950001,28.26,28.690001000000002,27.583053999999997,7393000
2007-11-08,28.98,29.15,27.08,28.27,27.179254999999998,7460500
2007-11-09,27.84,27.84,26.52,27.110001,26.064018,6991300
2007-11-12,26.629998999999998,27.440001000000002,26.629998999999998,26.91,25.871729000000002,3329500
2007-11-13,27.08,27.41,26.469998999999998,27.15,26.102474,4438100
2007-11-14,27.26,28.24,27.15,27.25,26.198612,4171600
2007-11-15,27.09,27.57,26.57,26.84,25.80443,3554200
2007-11-16,26.52,27.42,26.52,27.23,26.179384,3492100
2007-11-19,27.059998999999998,27.120001000000002,26.059998999999998,26.23,25.21797,4248400
2007-11-20,25.959999,26.690001000000002,25.41,26.17,25.16028,3231700
2007-11-21,25.700001,26.66,25.34,26.08,25.073755,2730300
2007-11-23,26.139999,26.67,25.84,26.58,25.554466,1040900
2007-11-26,26.629998999999998,27.07,25.68,25.83,24.833403,2112400
2007-11-27,26.02,26.469998999999998,25.629998999999998,26.34,25.323723,2727400
2007-11-28,26.34,28.209999,26.34,28.040001,26.958132,4034200
2007-11-29,27.950001,28.59,27.309998999999998,28.24,27.150415000000002,2068700
2007-11-30,28.639999,29.110001,28.32,28.75,27.640739,4620300
2007-12-03,28.379998999999998,29.389999,28.219998999999998,28.469998999999998,27.371541999999998,2098200
2007-12-04,28.24,28.27,27.48,27.77,26.698551000000002,2473500
2007-12-05,27.68,28.33,27.299999,27.790001,26.717778999999997,2933200
2007-12-06,27.780001000000002,28.07,27.549999,28.07,26.986978999999998,2119600
2007-12-07,28.290001,28.629998999999998,27.74,28.440001000000002,27.342695000000003,2980400
2007-12-10,28.58,28.709999,28.120001000000002,28.559998999999998,27.458067,1415100
2007-12-11,28.549999,29.129998999999998,28.0,28.15,27.063887,4080700
2007-12-12,28.719998999999998,28.799999,27.040001,27.42,26.362049,6862600
2007-12-13,27.33,27.360001,26.68,26.84,25.80443,3519000
2007-12-14,26.690001000000002,26.9,26.309998999999998,26.459999,25.439095000000002,2479200
2007-12-17,26.459999,27.02,26.299999,26.85,25.814049,3877800
2007-12-18,26.99,27.34,26.02,26.93,25.890957,3520100
2007-12-19,26.43,28.110001,26.43,27.77,26.698551000000002,3101000
2007-12-20,27.92,28.49,27.629998999999998,28.370001000000002,27.2754,3462700
2007-12-21,28.219998999999998,28.780001000000002,27.9,28.75,27.640739,5137000
2007-12-24,28.469998999999998,29.42,27.950001,29.34,28.207977000000003,1061400
2007-12-26,28.719998999999998,29.799999,28.719998999999998,29.700001,28.554084999999997,1503300
2007-12-27,29.57,29.690001000000002,28.5,28.690001000000002,27.583053999999997,2040700
2007-12-28,28.450001,29.030001000000002,28.25,28.51,27.409997999999998,2057100
2007-12-31,28.43,28.620001000000002,28.059998999999998,28.219998999999998,27.131187,1504800
2008-01-02,27.969998999999998,28.16,26.299999,26.82,25.785206,5425800
2008-01-03,27.040001,27.049999,24.99,25.16,24.189249,6630300
2008-01-04,24.9,25.379998999999998,23.299999,24.58,23.631626,10327600
2008-01-07,24.68,25.059998999999998,23.91,24.34,23.40089,4362500
2008-01-08,24.58,25.059998999999998,23.34,23.610001,22.699053,3869700
2008-01-09,23.559998999999998,24.24,22.76,24.17,23.23745,5705100
2008-01-10,24.02,25.26,23.620001000000002,24.969998999999998,24.006578,4857200
2008-01-11,24.700001,24.799999,24.0,24.280001000000002,23.343201,3287900
2008-01-14,24.43,25.709999,24.32,25.469998999999998,24.487291,3210400
2008-01-15,25.209999,25.42,24.07,24.360001,23.42012,3290700
2008-01-16,24.459999,24.870001000000002,23.530001000000002,24.41,23.468187,3236300
2008-01-17,24.34,24.889999,23.08,23.49,22.583687,3988600
2008-01-18,23.969998999999998,24.5,23.120001000000002,24.25,23.314362,4546800
2008-01-22,22.73,24.43,22.27,24.030001000000002,23.102848,3323700
2008-01-23,23.290001,25.33,22.360001,25.139999,24.170019,6195500
2008-01-24,25.139999,25.9,24.52,25.139999,24.170019,2843300
2008-01-25,25.6,25.9,24.610001,25.07,24.102724,2630800
2008-01-28,25.120001000000002,25.83,24.5,25.780001000000002,24.785328,2462000
2008-01-29,26.17,26.17,25.299999,25.940001000000002,24.939156,2375100
2008-01-30,25.879998999999998,26.389999,25.16,25.25,24.275776,3722200
2008-01-31,24.9,25.469998999999998,24.309998999999998,25.200001,24.227707000000002,5448700
2008-02-01,24.66,26.360001,24.66,26.07,25.064138,5474600
2008-02-04,25.870001000000002,26.09,25.209999,25.379998999999998,24.400763,2680700
2008-02-05,25.27,25.41,24.459999,24.469998999999998,23.525871,2617100
2008-02-06,24.690001000000002,24.719998999999998,23.9,23.969998999999998,23.045168,3536400
2008-02-07,23.73,24.450001,23.629998999999998,24.209999,23.275907999999998,2914600
2008-02-08,24.129998999999998,24.17,23.280001000000002,23.690001000000002,22.775967,2739300
2008-02-11,23.639999,24.68,23.4,24.540001,23.59317,2418600
2008-02-12,24.639999,25.200001,24.370001000000002,24.639999,23.689318,2469000
2008-02-13,24.77,25.32,24.360001,25.32,24.343075,2856500
2008-02-14,27.99,27.99,25.92,27.190001000000002,26.140926,8998800
2008-02-15,27.040001,27.040001,26.040001,26.860001,25.823662,4457800
2008-02-19,27.049999,27.450001,26.32,26.6,25.57369,2988700
2008-02-20,26.32,27.01,26.280001000000002,26.76,25.727516,3593800
2008-02-21,26.9,27.08,26.4,26.459999,25.439095000000002,2877000
2008-02-22,26.5,26.93,26.01,26.93,25.890957,2755400
2008-02-25,26.889999,27.780001000000002,26.6,27.719998999999998,26.650479999999998,3176500
2008-02-26,27.6,28.639999,27.469998999999998,28.26,27.169645000000003,4034500
2008-02-27,28.17,29.870001000000002,27.9,29.309998999999998,28.179130999999998,4463500
2008-02-28,29.16,29.219998999999998,28.27,28.360001,27.265784999999997,3396100
2008-02-29,28.5,28.5,26.870001000000002,27.1,26.054399,2686100
2008-03-03,27.120001000000002,28.139999,27.07,27.9,26.823534000000002,2482600
2008-03-04,27.690001000000002,28.059998999999998,26.75,27.42,26.362049,2977400
2008-03-05,27.790001,28.02,26.719998999999998,27.219998999999998,26.169764999999998,2737600
2008-03-06,27.0,27.73,26.27,26.280001000000002,25.266041,2392300
2008-03-07,25.74,26.42,25.129998999999998,25.610001,24.621891,3616400
2008-03-10,25.540001,26.209999,25.18,25.35,24.371918,2077700
2008-03-11,25.73,26.33,25.620001000000002,26.110001,25.102594,3097200
2008-03-12,26.360001,26.459999,25.379998999999998,25.5,24.516136,2508200
2008-03-13,25.15,26.1,24.84,25.889999,24.891085,3476000
2008-03-14,26.040001,26.059998999999998,24.799999,25.610001,24.621891,2918100
2008-03-17,25.030001000000002,25.370001000000002,23.15,23.85,22.92979,5342300
2008-03-18,24.27,25.33,24.209999,25.200001,24.227707000000002,3357300
2008-03-19,25.27,25.559998999999998,24.41,24.469998999999998,23.525871,2696400
2008-03-20,24.629998999999998,26.42,24.16,26.26,25.246809,4832400
2008-03-24,26.32,27.530001000000002,26.17,26.610001,25.583303,3287800
2008-03-25,26.57,26.780001000000002,25.75,26.219998999999998,25.208349,2153800
2008-03-26,26.040001,26.18,25.16,25.450001,24.468061,2813600
2008-03-27,25.57,26.23,25.139999,25.26,24.285395,2240500
2008-03-28,25.190001000000002,25.450001,24.629998999999998,24.799999,23.84314,2004000
2008-03-31,24.74,25.98,24.59,25.799999,24.804560000000002,2895700
2008-04-01,26.389999,27.030001000000002,26.32,26.959999,25.9198,3751200
2008-04-02,26.940001000000002,27.73,26.85,27.219998999999998,26.169764999999998,2320300
2008-04-03,27.17,27.450001,26.42,27.24,26.188999,2875400
2008-04-04,27.18,27.26,26.17,26.58,25.554466,2438100
2008-04-07,26.83,27.32,26.51,26.82,25.785206,1793300
2008-04-08,26.58,27.84,26.370001000000002,27.200001,26.150545,2091800
2008-04-09,26.85,27.030001000000002,25.35,25.48,24.496906,3727200
2008-04-10,25.5,26.719998999999998,25.33,26.049999,25.044912,2308800
2008-04-11,25.68,26.25,25.4,25.5,24.516136,1982900
2008-04-14,25.440001000000002,26.139999,25.41,25.780001000000002,24.785328,1751200
2008-04-15,25.889999,26.030001000000002,25.59,25.92,24.919928,1606700
2008-04-16,26.1,27.48,25.969998999999998,27.110001,26.064018,2788400
2008-04-17,26.959999,27.23,26.52,26.860001,25.823662,1448500
2008-04-18,27.379998999999998,27.799999,27.15,27.4,26.342829,3539000
2008-04-21,27.139999,27.709999,26.85,27.690001000000002,26.621634999999998,2086200
2008-04-22,27.299999,27.32,26.1,26.41,25.391022,2511300
2008-04-23,26.559998999999998,26.790001,26.15,26.700001,25.669838000000002,1809700
2008-04-24,26.57,27.41,26.120001000000002,27.25,26.198612,2450600
2008-04-25,28.799999,30.1,28.48,28.91,27.794566999999997,9282800
2008-04-28,28.15,28.379998999999998,26.9,27.17,26.1217,6111500
2008-04-29,27.08,27.08,25.889999,26.110001,25.102594,5574300
2008-04-30,26.370001000000002,26.98,25.83,26.780001000000002,25.74675,3952200
2008-05-01,26.57,27.709999,26.389999,27.59,26.525492,5187100
2008-05-02,28.190001000000002,28.190001000000002,26.809998999999998,27.18,26.131315,2658900
2008-05-05,27.049999,27.34,26.790001,27.0,25.95826,1533700
2008-05-06,27.42,28.82,27.120001000000002,28.57,27.467682,4644700
2008-05-07,28.629998999999998,29.0,28.049999,28.4,27.304240999999998,4995900
2008-05-08,28.5,28.559998999999998,27.719998999999998,28.040001,26.958132,2794200
2008-05-09,27.370001000000002,28.040001,27.370001000000002,27.879998999999998,26.804304,1458400
2008-05-12,27.940001000000002,28.23,27.809998999999998,28.23,27.1408,2152900
2008-05-13,28.26,28.26,27.84,28.0,26.919674,1747700
2008-05-14,28.129998999999998,28.959999,27.93,28.530001000000002,27.429228000000002,3465700
2008-05-15,28.540001,29.309998999999998,28.43,29.219998999999998,28.092602000000003,2782700
2008-05-16,29.309998999999998,29.5,28.450001,28.98,27.861864,1567800
2008-05-19,28.93,29.08,28.27,28.43,27.333085999999998,2197900
2008-05-20,28.290001,28.389999,27.860001,28.120001000000002,27.035049,2231900
2008-05-21,28.25,28.34,27.01,27.08,26.03517,2635700
2008-05-22,27.0,27.0,26.16,26.610001,25.583303,3551200
2008-05-23,26.379998999999998,26.5,25.120001000000002,25.290001,24.314234,5274300
2008-05-27,25.52,25.620001000000002,24.709999,25.049999,24.083494,3741100
2008-05-28,25.120001000000002,25.290001,24.57,24.85,23.891214,3092000
2008-05-29,24.889999,25.25,24.5,25.1,24.131563,4098100
2008-05-30,25.26,25.459999,24.84,25.41,24.429607,3186400
2008-06-02,25.360001,25.51,24.23,24.52,23.573944,3703900
2008-06-03,24.25,24.25,23.23,23.77,22.852882,7703400
2008-06-04,23.9,25.02,23.77,24.719998999999998,23.766227999999998,5119900
2008-06-05,24.969998999999998,25.129998999999998,24.59,25.02,24.054655,3095500
2008-06-06,24.49,24.65,23.0,23.110001,22.218348000000002,4767200
2008-06-09,23.209999,23.790001,22.5,22.93,22.045288,5126800
2008-06-10,22.620001000000002,22.959999,22.25,22.59,21.718409,3490000
2008-06-11,22.51,22.51,21.389999,21.5,20.670467000000002,6260000
2008-06-12,21.5,22.51,21.5,21.950001,21.103104000000002,4262500
2008-06-13,22.049999,23.139999,21.709999,23.139999,22.247189000000002,4286300
2008-06-16,22.83,23.01,22.360001,22.440001000000002,21.574196,4107400
2008-06-17,22.6,22.870001000000002,21.780001000000002,21.799999,20.958891,3545700
2008-06-18,21.700001,21.84,20.719998999999998,20.93,20.122457999999998,6958500
2008-06-19,20.959999,21.360001,20.75,21.299999,20.478182,3066800
2008-06-20,21.17,21.18,20.290001,20.34,19.555222,4887700
2008-06-23,20.389999,20.76,20.0,20.030001000000002,19.257182999999998,4432900
2008-06-24,19.75,20.059998999999998,19.059998999999998,19.809998999999998,19.04567,5314500
2008-06-25,19.85,21.0,19.85,20.51,19.71866,4602100
2008-06-26,20.24,20.360001,17.620001000000002,18.24,17.536243,9209500
2008-06-27,18.299999,18.41,17.82,18.25,17.545858,5728500
2008-06-30,18.559998999999998,18.559998999999998,17.530001000000002,17.83,17.142063,5520400
2008-07-01,17.530001000000002,18.370001000000002,17.17,18.030001000000002,17.334351,4812200
2008-07-02,18.129998999999998,18.209999,17.49,17.549999,16.872871,6591900
2008-07-03,17.67,18.370001000000002,17.43,17.83,17.142063,3056300
2008-07-07,17.83,18.5,17.09,17.52,16.844028,4024100
2008-07-08,17.65,18.549999,17.549999,18.49,17.7766,5752100
2008-07-09,18.25,18.629998999999998,17.540001,17.540001,16.863255,4637400
2008-07-10,17.469998999999998,17.75,16.639999,17.0,16.344088,4970400
2008-07-11,16.77,17.440001000000002,16.200001,16.98,16.32486,4788300
2008-07-14,17.42,17.450001,16.459999,16.58,15.940292999999999,2676900
2008-07-15,16.01,17.01,15.56,16.67,16.026820999999998,4582800
2008-07-16,16.73,18.27,16.280001000000002,17.99,17.295889000000003,4717400
2008-07-17,18.01,19.299999,17.780001000000002,19.1,18.363064,3941900
2008-07-18,19.09,19.17,18.25,18.530001000000002,17.815054,3398400
2008-07-21,18.530001000000002,18.98,18.290001,18.530001000000002,17.815054,1969100
2008-07-22,18.17,20.09,18.040001,20.02,19.247567999999998,3579600
2008-07-23,20.08,20.780001000000002,19.73,20.610001,19.814806,3904500
2008-07-24,20.66,20.66,19.129998999999998,19.280001000000002,18.536120999999998,3183100
2008-07-25,19.469998999999998,20.120001000000002,19.01,19.49,18.738016000000002,2517800
2008-07-28,19.43,19.530001000000002,18.719998999999998,18.940001000000002,18.209238,2248200
2008-07-29,19.0,19.379998999999998,18.629998999999998,19.17,18.430363,4050500
2008-07-30,19.440001000000002,19.559998999999998,18.59,19.559998999999998,18.805317000000002,4580800
2008-07-31,19.799999,20.719998999999998,18.5,19.629998999999998,18.872614000000002,7143500
2008-08-01,19.77,19.77,18.67,19.200001,18.459206,3051800
2008-08-04,19.360001,19.379998999999998,18.4,18.780001000000002,18.055408,3132200
2008-08-05,18.99,21.280001000000002,18.99,21.08,20.266666,6373000
2008-08-06,20.84,21.040001,20.08,20.23,19.449465,6254400
2008-08-07,20.0,20.0,19.17,19.290001,18.54574,3995600
2008-08-08,19.389999,21.6,19.290001,21.33,20.507026999999997,5677900
2008-08-11,21.23,23.1,21.120001000000002,22.42,21.55497,5616400
2008-08-12,22.41,22.6,22.110001,22.280001000000002,21.420370000000002,3772800
2008-08-13,22.0,22.129998999999998,20.41,20.870001000000002,20.064770000000003,3850200
2008-08-14,20.389999,21.49,20.25,20.690001000000002,19.891722,4672400
2008-08-15,21.049999,21.799999,20.41,21.41,20.583941,4359800
2008-08-18,21.49,21.52,20.610001,20.879998999999998,20.074386999999998,2838100
2008-08-19,20.67,20.93,19.870001000000002,20.18,19.401396,2281600
2008-08-20,20.33,20.809998999999998,19.549999,19.93,19.161039000000002,2651500
2008-08-21,19.700001,19.74,19.049999,19.35,18.603416,2158000
2008-08-22,19.58,20.42,19.42,20.360001,19.574448,3131300
2008-08-25,20.35,20.35,19.299999,19.67,18.911074,2610300
2008-08-26,19.690001000000002,19.76,19.299999,19.42,18.670717,2900100
2008-08-27,19.67,19.67,18.870001000000002,19.360001,18.613032999999998,2287400
2008-08-28,19.540001,20.459999,19.450001,20.040001,19.2668,3046900
2008-08-29,19.879998999999998,20.030001000000002,19.360001,19.610001,18.853385999999997,2402400
2008-09-02,20.030001000000002,21.620001000000002,20.030001000000002,20.440001000000002,19.651365,3943000
2008-09-03,20.49,21.450001,20.389999,21.190001000000002,20.372425,3917200
2008-09-04,21.049999,21.280001000000002,20.469998999999998,20.52,19.728275,2694500
2008-09-05,20.309998999999998,20.719998999999998,19.66,20.59,19.795576,2400600
2008-09-08,21.32,21.5,20.030001000000002,20.41,19.622519,4354000
2008-09-09,19.780001000000002,19.959999,17.73,18.049999,17.353575,9042500
2008-09-10,18.24,18.25,16.66,17.32,16.651741,10497800
2008-09-11,17.01,18.040001,16.790001,17.799999,17.113220000000002,4815300
2008-09-12,17.450001,18.549999,17.440001000000002,18.35,17.642,4704500
2008-09-15,17.549999,18.27,17.42,17.709999,17.026691,3966800
2008-09-16,16.92,17.93,16.51,17.9,17.209362,5242300
2008-09-17,17.58,17.790001,15.84,16.26,15.632641,6838900
2008-09-18,16.719998999999998,16.889999,14.71,16.27,15.642257999999998,8180400
2008-09-19,18.0,18.129998999999998,15.84,17.18,16.517143,9413900
2008-09-22,16.860001,17.59,15.99,16.030001000000002,15.411513000000001,2987800
2008-09-23,16.030001000000002,17.1,16.030001000000002,16.5,15.86338,4626700
2008-09-24,17.469998999999998,17.469998999999998,15.82,15.98,15.363443,3448600
2008-09-25,16.200001,16.530001000000002,15.8,16.34,15.709556,3254300
2008-09-26,15.61,16.57,15.61,16.57,15.930675,2973900
2008-09-29,16.139999,16.370001000000002,14.16,14.86,14.286655,6088200
2008-09-30,15.25,15.45,14.22,15.31,14.719294,5390700
2008-10-01,15.26,15.26,14.53,15.05,14.469325,3098800
2008-10-02,14.99,15.04,13.15,13.17,12.661861,4964600
2008-10-03,13.56,13.83,12.42,12.55,12.065782,5276500
2008-10-06,12.1,12.17,10.92,12.02,11.556233,19055500
2008-10-07,12.28,13.67,12.15,12.48,11.998485,6537200
2008-10-08,11.01,13.84,11.01,13.72,13.190641000000001,4711900
2008-10-09,13.6,13.85,12.51,12.64,12.152312,5717400
2008-10-10,11.8,12.29,10.22,12.2,11.729287,9455000
2008-10-13,13.39,13.42,11.91,12.75,12.258068,6607200
2008-10-14,13.47,13.58,11.79,12.1,11.633142999999999,4476800
2008-10-15,11.75,12.06,10.25,10.34,9.941051,4438300
2008-10-16,10.51,10.8,9.54,10.68,10.267934,6597500
2008-10-17,10.29,11.8,10.0,11.7,11.248579,7754100
2008-10-20,11.91,12.0,11.16,11.61,11.162051,3664900
2008-10-21,11.58,11.59,11.16,11.21,10.777485,3896200
2008-10-22,11.13,11.17,9.39,9.96,9.575713,4329700
2008-10-23,10.05,10.2,8.77,9.41,9.046934,5463700
2008-10-24,8.53,9.35,8.46,8.89,8.546998,4664800
2008-10-27,8.81,8.81,7.82,7.82,7.518281,5349800
2008-10-28,8.08,8.8,7.75,8.6,8.268187,5557600
2008-10-29,8.59,8.96,8.26,8.46,8.133588,5673300
2008-10-30,8.74,8.94,8.11,8.48,8.152816,6276500
2008-10-31,8.49,9.06,8.31,8.92,8.575842,6570400
2008-11-03,10.06,10.67,9.25,9.4,9.03732,8081300
2008-11-04,9.69,10.22,9.42,10.11,9.719923,5148500
2008-11-05,10.0,10.03,8.75,8.91,8.566225,3932500
2008-11-06,8.81,9.0,7.13,7.32,7.037572999999999,7533800
2008-11-07,7.55,7.8,6.88,7.14,6.864517,6970000
2008-11-10,7.34,7.54,6.75,6.9,6.6337779999999995,5243400
2008-11-11,6.63,6.82,5.53,6.08,5.845415,9003500
2008-11-12,5.94,6.0,5.25,5.41,5.201265,8547000
2008-11-13,5.61,6.24,5.05,6.21,5.9704,8268800
2008-11-14,5.92,5.98,5.36,5.42,5.21088,7518100
2008-11-17,5.48,5.71,5.34,5.34,5.133967,5965300
2008-11-18,5.3,5.48,5.0,5.23,5.02821,4930100
2008-11-19,5.23,5.23,4.76,4.83,4.643644,5586000
2008-11-20,4.91,5.05,3.93,4.18,4.0187230000000005,12996200
2008-11-21,4.54,5.14,4.25,5.01,4.8167,10276100
2008-11-24,5.3,5.92,5.2,5.75,5.528147,8456300
2008-11-25,6.07,6.31,5.43,5.74,5.518534,5704700
2008-11-26,5.73,6.46,5.35,6.38,6.13384,5120100
2008-11-28,6.37,6.6,6.21,6.43,6.181911,2116300
2008-12-01,6.24,6.39,5.2,5.23,5.02821,5493600
2008-12-02,5.34,5.94,5.27,5.9,5.67236,5935400
2008-12-03,5.64,5.88,5.3,5.69,5.470462,6231900
2008-12-04,5.54,6.13,5.4,5.58,5.364707,5844100
2008-12-05,5.48,6.1,5.27,6.07,5.8358,4169400
2008-12-08,6.48,6.9,6.28,6.38,6.13384,6715300
2008-12-09,6.4,6.6,6.1,6.22,5.980013,4865700
2008-12-10,6.47,6.89,6.33,6.72,6.4607209999999995,4238700
2008-12-11,6.85,6.87,6.0,6.09,5.85503,3690400
2008-12-12,5.56,6.25,5.25,6.14,5.9031,6640200
2008-12-15,6.12,6.31,5.79,5.9,5.67236,3284900
2008-12-16,6.01,6.4,5.97,6.39,6.143455,4796800
2008-12-17,6.23,6.7,6.1,6.65,6.393423,4596100
2008-12-18,6.58,6.65,5.85,5.94,5.710816,4658800
2008-12-19,6.25,6.3,5.88,6.12,5.883872,5308800
2008-12-22,6.11,6.12,5.52,5.79,5.566604,5475100
2008-12-23,6.01,6.01,5.46,5.56,5.345478,3040600
2008-12-24,5.63,5.69,5.46,5.64,5.422391,826300
2008-12-26,5.64,5.8,5.49,5.58,5.364707,1910300
2008-12-29,5.76,5.79,5.29,5.42,5.21088,3188900
2008-12-30,5.56,5.7,5.48,5.6,5.383935,3234900
2008-12-31,5.6,6.09,5.58,5.97,5.739659,2820100
2009-01-02,6.04,6.6,6.04,6.51,6.258824,4991500
2009-01-05,6.59,6.99,6.28,6.97,6.701076,6334400
2009-01-06,7.19,7.59,6.92,7.51,7.220242,6681500
2009-01-07,7.31,8.09,7.2,7.95,7.6432649999999995,10370200
2009-01-08,7.71,7.98,7.35,7.91,7.604808,5762400
2009-01-09,7.92,8.0,7.51,7.63,7.335611999999999,3628200
2009-01-12,7.59,7.73,6.53,6.74,6.47995,6300400
2009-01-13,6.89,6.89,6.01,6.21,5.9704,6876800
2009-01-14,6.05,6.14,5.54,6.06,5.826186,9415300
2009-01-15,6.06,6.38,5.71,6.19,5.9511709999999995,7785100
2009-01-16,6.53,7.02,6.1,6.71,6.4511080000000005,8847400
2009-01-20,6.65,6.76,5.67,5.73,5.50892,6531800
2009-01-21,6.01,6.09,5.55,6.03,5.797344,6571500
2009-01-22,5.95,6.26,5.7,6.01,5.778117,5389500
2009-01-23,5.8,6.72,5.76,6.49,6.239596,5916400
2009-01-26,6.53,6.6,5.91,6.13,5.893486,6385400
2009-01-27,6.21,6.39,6.08,6.15,5.912714,4977900
2009-01-28,6.42,6.9,6.24,6.8,6.537636,7083400
2009-01-29,6.68,6.77,6.28,6.33,6.085769,3797300
2009-01-30,6.26,6.45,6.08,6.17,5.931943,4568600
2009-02-02,6.09,6.1,5.86,5.97,5.739659,4137400
2009-02-03,6.0,6.21,5.63,6.12,5.883872,5366500
2009-02-04,6.16,6.82,5.93,6.4,6.153069,8377600
2009-02-05,6.39,7.02,6.24,6.93,6.6626199999999995,6312000
2009-02-06,6.83,7.44,6.83,7.17,6.893358999999999,6749800
2009-02-09,7.15,7.38,6.96,7.24,6.9606580000000005,3784700
2009-02-10,7.15,7.29,6.57,6.78,6.518407,4677300
2009-02-11,6.86,7.07,6.67,6.89,6.624163,3318500
2009-02-12,6.75,6.98,6.56,6.95,6.681848,3146800
2009-02-13,6.81,7.09,6.75,6.92,6.653005,3121500
2009-02-17,6.51,6.6,5.94,6.02,5.787730000000001,7909200
2009-02-18,5.85,6.47,5.51,6.38,6.13384,7180900
2009-02-19,6.36,6.74,6.09,6.13,5.893486,5089600
2009-02-20,5.68,6.09,5.5,5.97,5.739659,7024600
2009-02-23,5.61,6.01,5.24,5.24,5.037825,6210400
2009-02-24,5.25,5.61,4.82,5.52,5.307022,8671500
2009-02-25,5.55,5.55,4.94,4.97,4.778242,7911400
2009-02-26,5.06,5.1,4.58,4.81,4.624416,5388400
2009-02-27,4.74,4.79,4.32,4.44,4.2686910000000005,8163300
2009-03-02,4.31,4.36,3.94,3.94,3.787983,8279700
2009-03-03,4.1,4.2,3.69,3.74,3.5957,6162000
2009-03-04,4.02,4.05,3.84,3.9,3.7495260000000004,5932800
2009-03-05,3.88,3.9,3.49,3.56,3.4226449999999997,5613300
2009-03-06,3.61,3.73,3.17,3.51,3.3745730000000003,11037100
2009-03-09,3.76,4.03,3.5,3.9,3.7495260000000004,5343700
2009-03-10,4.11,4.61,4.11,4.5,4.326376,7098000
2009-03-11,4.57,4.84,4.46,4.81,4.624416,5046300
2009-03-12,4.71,5.15,4.61,5.12,4.922455,3817800
2009-03-13,5.25,5.57,4.95,5.24,5.037825,5602800
2009-03-16,5.4,5.59,5.17,5.2,4.999368,3400400
2009-03-17,5.18,5.51,5.02,5.51,5.297408,2620900
2009-03-18,5.46,6.13,5.22,6.09,5.85503,4921600
2009-03-19,6.14,6.48,6.02,6.17,5.931943,5216500
2009-03-20,6.36,6.49,5.58,5.84,5.614675,4890300
2009-03-23,6.07,6.61,5.95,6.61,6.354965,4061000
2009-03-24,6.49,6.74,6.34,6.55,6.297281,2929100
2009-03-25,6.63,7.02,6.24,6.55,6.297281,4387500
2009-03-26,6.83,7.14,6.64,7.07,6.797217,6282500
2009-03-27,6.92,7.01,6.7,6.85,6.585707000000001,3514500
2009-03-30,6.46,6.59,5.9,6.19,5.9511709999999995,6404800
2009-03-31,6.45,6.45,5.92,6.26,6.018471,5048300
2009-04-01,6.14,6.54,6.0,6.49,6.239596,4849400
2009-04-02,6.74,7.54,6.74,7.06,6.787603999999999,7558400
2009-04-03,7.06,7.4,6.93,7.4,7.114486,4837300
2009-04-06,7.2,7.63,7.12,7.57,7.277926,4010600
2009-04-07,7.35,7.42,6.95,7.02,6.749147,3497400
2009-04-08,7.65,7.99,7.45,7.69,7.3932970000000005,5808500
2009-04-09,7.99,8.66,7.85,8.5,8.172044,8961400
2009-04-13,8.4,8.92,8.1,8.79,8.450854,5141900
2009-04-14,8.65,9.16,8.41,8.61,8.2778,4582600
2009-04-15,8.54,9.08,8.54,8.96,8.614299,5446500
2009-04-16,9.03,9.78,8.93,9.68,9.306517,7148800
2009-04-17,9.73,10.3,9.73,10.21,9.816068,10167600
2009-04-20,9.81,9.98,8.8,9.04,8.691211000000001,8534500
2009-04-21,8.82,9.67,8.75,9.48,9.114233,6539700
2009-04-22,9.35,10.3,9.25,9.92,9.537257,7427800
2009-04-23,9.94,10.15,9.61,9.87,9.489185,6438900
2009-04-24,9.99,11.18,9.98,10.87,10.450603,10100300
2009-04-27,10.75,11.0,10.07,10.42,10.017964,5911700
2009-04-28,10.15,10.8,9.63,10.47,10.066036,7560500
2009-04-29,10.09,12.0,10.06,11.59,11.142822,11338800
2009-04-30,11.83,11.94,10.88,10.99,10.565972,12483400
2009-05-01,11.02,11.41,10.97,11.41,10.969767,5875500
2009-05-04,11.39,12.63,11.39,12.63,12.142697,9455600
2009-05-05,12.55,12.87,11.75,12.26,11.786972,6711400
2009-05-06,12.46,14.11,12.46,13.51,12.988743,15150300
2009-05-07,13.99,14.26,12.02,12.16,11.690828999999999,9828500
2009-05-08,12.52,13.41,12.36,13.3,12.786845,6226500
2009-05-11,12.97,13.0,12.36,12.42,11.9408,5062500
2009-05-12,12.61,12.8,11.64,12.09,11.623532,5410400
2009-05-13,11.64,11.88,10.34,10.73,10.316005,8653300
2009-05-14,10.65,11.95,10.59,11.43,10.988997,6786600
2009-05-15,11.44,11.93,11.02,11.24,10.806327,4779700
2009-05-18,11.35,11.9,11.35,11.88,11.421633,4241600
2009-05-19,11.93,12.55,11.7,12.3,11.825429,5293700
2009-05-20,12.23,12.87,11.72,11.8,11.34472,6136800
2009-05-21,11.57,11.73,10.95,11.42,10.979383,4293900
2009-05-22,11.48,11.77,11.11,11.45,11.008224,2744500
2009-05-26,11.42,12.29,11.17,12.28,11.8062,3998000
2009-05-27,12.24,12.3,10.86,11.06,10.633271,7923800
2009-05-28,11.27,11.64,10.91,11.34,10.902469,5149400
2009-05-29,11.41,11.58,11.2,11.45,11.008224,3620300
2009-06-01,11.65,12.59,11.6,12.28,11.8062,4106000
2009-06-02,11.96,12.33,11.5,12.08,11.613919000000001,5358700
2009-06-03,11.87,11.9,11.36,11.81,11.354335,4369800
2009-06-04,11.61,12.35,11.61,12.21,11.738901,3730300
2009-06-05,12.39,13.33,12.39,12.94,12.440737,8412700
2009-06-08,12.85,12.85,12.26,12.71,12.219608000000001,4716400
2009-06-09,12.76,13.63,12.42,13.5,12.97913,6651900
2009-06-10,13.71,13.87,12.71,13.05,12.546491,5702000
2009-06-11,13.05,13.45,12.99,13.08,12.575334,4951200
2009-06-12,12.97,13.05,12.17,12.41,11.931183,5454300
2009-06-15,12.14,12.26,11.7,11.87,11.412019,5511900
2009-06-16,11.97,12.21,11.5,11.87,11.412019,5936700
2009-06-17,11.71,12.13,11.3,11.85,11.392791,5386400
2009-06-18,11.85,12.25,11.5,12.08,11.613919000000001,5609400
2009-06-19,12.28,12.57,12.16,12.23,11.758128999999998,4704700
2009-06-22,12.06,12.17,11.24,11.31,10.873628,5187400
2009-06-23,11.35,11.43,10.59,11.08,10.652499,6734400
2009-06-24,11.23,11.88,11.12,11.26,10.825558000000001,5433100
2009-06-25,11.12,11.51,11.0,11.26,10.825558000000001,6061000
2009-06-26,11.24,11.65,11.08,11.22,10.787098,5243500
2009-06-29,11.32,11.55,11.0,11.4,10.960153,2984800
2009-06-30,11.42,11.65,10.95,11.26,10.825558000000001,5100700
2009-07-01,11.37,11.68,11.28,11.46,11.01784,3764800
2009-07-02,11.25,11.7,11.04,11.47,11.027453999999999,8849200
2009-07-06,11.29,11.44,10.85,11.13,10.700571,5287100
2009-07-07,11.12,11.25,10.76,10.8,10.383303999999999,3281200
2009-07-08,10.83,10.87,9.98,10.55,10.142947999999999,8117500
2009-07-09,10.66,10.9,10.53,10.71,10.296775,4216500
2009-07-10,10.6,11.03,10.48,10.98,10.556356,3868700
2009-07-13,10.99,11.31,10.6,11.28,10.844782,4577800
2009-07-14,11.33,11.71,11.06,11.71,11.258191,3480300
2009-07-15,11.81,12.53,11.77,12.49,12.008098,6691300
2009-07-16,12.15,12.67,12.15,12.61,12.123467,4505300
2009-07-17,12.4,12.98,12.29,12.92,12.421508,5056700
2009-07-20,12.99,13.57,12.99,13.49,12.969514,6157700
2009-07-21,13.56,13.83,13.16,13.53,13.007971000000001,5373800
2009-07-22,13.42,13.66,12.79,13.63,13.104113,6713800
2009-07-23,13.56,14.45,13.55,14.34,13.786717999999999,6480200
2009-07-24,14.14,14.63,14.0,14.47,13.911706,4901900
2009-07-27,14.46,14.54,14.22,14.33,13.777104000000001,5122500
2009-07-28,14.13,14.42,13.86,14.38,13.825175,5279900
2009-07-29,14.23,14.23,13.34,13.89,13.354082,8347000
2009-07-30,14.25,16.07,14.25,15.86,15.248073000000002,12596800
2009-07-31,15.84,17.34,15.84,17.02,16.363316,14077400
2009-08-03,17.440001000000002,18.219998999999998,17.35,17.940001000000002,17.247823999999998,6899300
2009-08-04,17.77,18.84,17.4,18.120001000000002,17.420873999999998,7473800
2009-08-05,18.309998999999998,18.530001000000002,17.52,17.98,17.286279999999998,5953200
2009-08-06,18.459999,18.75,17.440001000000002,17.540001,16.863255,7033900
2009-08-07,17.5,18.559998999999998,17.5,18.110001,17.411264000000003,6213500
2009-08-10,18.049999,18.27,17.540001,17.889999,17.199747,5032700
2009-08-11,17.9,17.99,17.450001,17.690001000000002,17.007469,3968400
2009-08-12,17.719998999999998,18.41,17.690001000000002,18.1,17.401648,3882000
2009-08-13,18.41,18.440001000000002,17.9,18.32,17.613159,2905700
2009-08-14,18.360001,18.450001,17.5,17.799999,17.113220000000002,2653400
2009-08-17,17.34,17.690001000000002,17.02,17.1,16.440229000000002,4568200
2009-08-18,17.23,17.99,17.120001000000002,17.93,17.238209,3618300
2009-08-19,17.67,18.059998999999998,17.32,17.860001,17.170901999999998,2953800
2009-08-20,17.799999,18.299999,17.690001000000002,18.26,17.555473000000003,3457800
2009-08-21,18.450001,18.780001000000002,17.77,17.969998999999998,17.276660999999997,6295400
2009-08-24,17.99,18.4,16.84,17.030001000000002,16.372932000000002,6689300
2009-08-25,17.18,17.98,17.18,17.41,16.738272,4770300
2009-08-26,17.41,17.469998999999998,16.690001000000002,17.0,16.344088,4297900
2009-08-27,16.98,17.120001000000002,16.35,17.0,16.344088,4885900
2009-08-28,17.23,17.23,16.0,16.200001,15.574954,6624600
2009-08-31,16.09,16.5,15.9,16.49,15.853765,4249000
2009-09-01,16.34,16.75,15.7,15.84,15.228845000000002,6169600
2009-09-02,15.79,16.08,15.52,15.63,15.026947,3837000
2009-09-03,15.78,16.01,15.68,15.98,15.363443,3191200
2009-09-04,16.02,16.389999,15.68,16.35,15.719169,2967800
2009-09-08,16.559998999999998,16.85,16.469998999999998,16.690001000000002,16.046049,3428200
2009-09-09,16.76,17.200001,16.4,16.879998999999998,16.228718,3533200
2009-09-10,16.969998999999998,17.5,16.58,17.299999,16.632510999999997,5349800
2009-09-11,17.370001000000002,17.75,17.17,17.27,16.603668,4706000
2009-09-14,18.049999,18.790001,17.709999,17.780001000000002,17.093996,10326300
2009-09-15,18.040001,18.040001,17.190001000000002,17.23,16.565216,6105700
2009-09-16,17.25,17.309998999999998,16.77,17.040001,16.382544,4954900
2009-09-17,17.0,17.549999,16.34,17.0,16.344088,7438000
2009-09-18,17.040001,17.26,16.57,17.08,16.421003,3604500
2009-09-21,16.809998999999998,16.950001,16.34,16.450001,15.815307999999998,2701200
2009-09-22,16.57,17.18,16.57,17.17,16.507528,4302500
2009-09-23,17.48,17.48,16.860001,16.860001,16.209492,3969900
2009-09-24,17.030001000000002,17.129998999999998,16.059998999999998,16.48,15.844154000000001,5599000
2009-09-25,16.450001,16.6,15.93,16.02,15.401901,3685700
2009-09-28,16.16,16.66,16.02,16.530001000000002,15.892223000000001,2022200
2009-09-29,16.559998999999998,17.25,16.52,17.09,16.43062,4634600
2009-09-30,17.309998999999998,17.35,16.690001000000002,17.030001000000002,16.372932000000002,5892300
2009-10-01,16.950001,16.950001,16.17,16.219998999999998,15.594183,4687600
2009-10-02,15.96,15.96,15.17,15.35,14.75775,7758800
2009-10-05,15.48,16.07,15.47,15.93,15.315372,4399700
2009-10-06,16.110001,16.459999,16.07,16.34,15.709556,3391100
2009-10-07,16.32,16.6,16.120001000000002,16.35,15.719169,2744500
2009-10-08,16.549999,17.35,16.549999,17.08,16.421003,6964200
2009-10-09,17.110001,17.26,16.9,17.23,16.565216,2754800
2009-10-12,17.4,17.49,16.99,17.200001,16.536373,3102000
2009-10-13,17.18,17.290001,16.74,17.120001000000002,16.459463,2741900
2009-10-14,17.530001000000002,17.65,17.18,17.52,16.844028,5122700
2009-10-15,17.4,17.870001000000002,17.219998999999998,17.809998999999998,17.122831,4032700
2009-10-16,17.92,18.1,17.16,17.459999,16.786341,3985300
2009-10-19,17.48,18.0,17.459999,17.620001000000002,16.940168,3520800
2009-10-20,17.639999,17.74,17.209999,17.360001,16.690203,2031700
2009-10-21,17.32,17.85,17.26,17.35,16.680585999999998,2976900
2009-10-22,17.42,17.969998999999998,16.83,17.73,17.045919,4288100
2009-10-23,17.790001,17.969998999999998,17.469998999999998,17.75,17.065151,3464900
2009-10-26,17.700001,18.23,17.049999,17.23,16.565216,3794700
2009-10-27,17.24,17.370001000000002,16.67,16.74,16.094116,5533800
2009-10-28,16.219998999999998,16.48,12.0,13.46,12.940673,43620800
2009-10-29,13.53,13.56,11.87,13.0,12.498422999999999,31356000
2009-10-30,13.44,13.56,12.52,12.88,12.383051,15654700
2009-11-02,13.15,13.34,12.6,12.86,12.363821000000002,6877000
2009-11-03,12.75,13.52,12.6,13.36,12.844531,7675400
2009-11-04,13.54,13.54,12.48,12.54,12.056171,8122800
2009-11-05,12.81,13.1,12.7,13.07,12.565719999999999,5451600
2009-11-06,12.85,13.25,12.63,13.13,12.623405,4352000
2009-11-09,13.21,13.6,13.08,13.59,13.065658,5198400
2009-11-10,13.54,13.78,13.26,13.67,13.142570000000001,4602300
2009-11-11,13.79,13.85,13.44,13.53,13.007971000000001,4018000
2009-11-12,13.54,14.15,13.54,13.74,13.209867000000001,5094800
2009-11-13,14.41,14.92,14.12,14.34,13.786717999999999,10621200
2009-11-16,14.59,14.75,14.38,14.57,14.007844,4863500
2009-11-17,14.52,14.7,14.35,14.59,14.027073000000001,3679900
2009-11-18,14.59,14.72,14.43,14.69,14.123213,2876600
2009-11-19,14.54,14.54,14.1,14.45,13.892475,3923200
2009-11-20,14.33,14.48,13.81,14.11,13.565594,3991700
2009-11-23,14.47,14.5,13.82,13.94,13.402152,3268000
2009-11-24,13.93,14.04,13.55,13.75,13.219484,3497800
2009-11-25,13.77,14.07,13.75,14.0,13.459837,2129500
2009-11-27,13.19,13.81,13.19,13.69,13.161798000000001,1293800
2009-11-30,13.7,13.89,13.54,13.71,13.181025,2339700
2009-12-01,13.92,14.31,13.87,14.11,13.565594,3141200
2009-12-02,14.16,14.55,13.99,14.05,13.507907999999999,3163100
2009-12-03,14.11,14.26,13.64,13.66,13.132956,3361900
2009-12-04,14.35,14.62,13.88,14.56,13.99823,8071900
2009-12-07,14.46,14.85,14.36,14.51,13.950160999999998,3513500
2009-12-08,14.46,14.6,14.22,14.42,13.863634,2205600
2009-12-09,14.38,14.42,13.98,14.13,13.584823000000002,2944100
2009-12-10,14.33,14.74,14.1,14.72,14.152060999999998,3525500
2009-12-11,14.75,14.92,14.59,14.89,14.3155,1690100
2009-12-14,14.94,15.03,14.65,14.91,14.334726999999999,1803800
2009-12-15,14.82,14.88,14.66,14.71,14.142442,1968900
2009-12-16,14.78,14.9,14.49,14.54,13.979001,2830600
2009-12-17,14.4,14.53,14.07,14.07,13.527137,3119700
2009-12-18,14.19,14.39,14.03,14.34,13.786717999999999,3274400
2009-12-21,14.38,14.65,14.37,14.45,13.892475,2138600
2009-12-22,14.52,14.56,14.25,14.44,13.88286,1775900
2009-12-23,14.46,14.54,14.1,14.29,13.738648999999999,2593000
2009-12-24,14.35,14.6,14.25,14.58,14.017458999999999,871900
2009-12-28,14.61,14.76,14.27,14.38,13.825175,1410700
2009-12-29,14.38,14.57,14.1,14.14,13.594435,2409000
2009-12-30,14.08,14.46,14.08,14.43,13.873248,2185900
2009-12-31,14.37,14.47,14.08,14.1,13.555979,2933600
2010-01-04,14.32,14.87,14.25,14.79,14.219357,3905600
2010-01-05,14.77,15.88,14.77,15.75,15.142319,6883000
2010-01-06,15.76,15.97,15.6,15.83,15.219231,3111400
2010-01-07,15.81,15.9,15.45,15.61,15.007719,2950500
2010-01-08,15.57,16.18,15.45,15.94,15.324987,3449000
2010-01-11,16.110001,16.389999,15.89,15.93,15.315372,3391400
2010-01-12,15.78,15.78,15.12,15.49,14.89235,2887400
2010-01-13,15.49,15.52,14.59,14.82,14.248199,5061900
2010-01-14,14.88,15.21,14.62,15.19,14.603923000000002,2812500
2010-01-15,15.19,15.32,14.78,15.02,14.440482999999999,3755900
2010-01-19,14.91,15.04,14.7,14.76,14.190514000000002,3330600
2010-01-20,14.59,14.65,14.3,14.37,13.815562,2804900
2010-01-21,14.35,14.38,13.69,13.75,13.219484,7301300
2010-01-22,13.78,13.92,13.15,13.24,12.729161999999999,3920100
2010-01-25,13.51,13.63,13.19,13.22,12.70993,2430400
2010-01-26,13.17,13.56,13.02,13.4,12.882987,3795800
2010-01-27,13.48,14.35,13.35,14.12,13.575207999999998,7413100
2010-01-28,14.32,14.37,13.21,13.35,12.834919000000001,4296800
2010-01-29,13.62,13.9,13.17,13.34,12.825303,3955200
2010-02-01,13.48,13.65,13.3,13.57,13.046427,2698600
2010-02-02,13.62,14.08,13.59,13.93,13.392538,2592900
2010-02-03,13.85,13.96,13.65,13.74,13.209867000000001,2396200
2010-02-04,13.52,13.52,12.88,12.9,12.402280000000001,3560900
2010-02-05,12.87,12.96,12.06,12.64,12.152312,4587400
2010-02-08,12.6,12.86,12.32,12.5,12.017710000000001,2701500
2010-02-09,12.79,13.0,12.66,12.88,12.383051,2963300
2010-02-10,12.86,13.08,12.66,12.84,12.344592,2409500
2010-02-11,12.79,13.29,12.71,13.25,12.738774000000001,3548400
2010-02-12,13.0,13.33,12.87,13.28,12.767616,2562000
2010-02-16,13.43,13.5,13.19,13.41,12.892603,3063900
2010-02-17,13.35,13.99,13.35,13.9,13.363696,4430500
2010-02-18,14.36,14.79,14.05,14.3,13.748261999999999,7640400
2010-02-19,14.18,14.23,13.3,13.46,12.940673,9206100
2010-02-22,13.53,13.57,13.1,13.15,12.642632,5198100
2010-02-23,13.06,13.22,12.73,12.74,12.248453,5942200
2010-02-24,12.84,13.08,12.72,13.07,12.565719999999999,5817900
2010-02-25,12.78,12.83,12.57,12.74,12.248453,7262800
2010-02-26,12.81,13.09,12.75,12.99,12.488806,6597000
2010-03-01,13.06,13.49,13.06,13.29,12.777233,4401900
2010-03-02,13.46,13.56,13.24,13.32,12.806072,4780900
2010-03-03,13.37,13.48,13.23,13.31,12.79646,2854100
2010-03-04,13.27,13.35,13.13,13.33,12.815686,3652900
2010-03-05,13.5,13.75,13.24,13.7,13.171414000000002,5240900
2010-03-08,13.79,13.79,13.52,13.68,13.152184,2080400
2010-03-09,13.61,13.77,13.5,13.64,13.113729999999999,2472000
2010-03-10,13.68,13.74,13.38,13.6,13.075273,3635100
2010-03-11,13.56,13.75,13.4,13.65,13.123342000000001,3017600
2010-03-12,13.9,14.01,13.69,13.82,13.286782999999998,3214300
2010-03-15,13.8,13.89,13.52,13.74,13.209867000000001,2144000
2010-03-16,13.67,13.77,13.52,13.55,13.0272,3198400
2010-03-17,13.56,13.68,13.45,13.53,13.007971000000001,3923500
2010-03-18,13.56,13.58,13.24,13.35,12.834919000000001,3577100
2010-03-19,13.01,13.41,12.85,13.01,12.508033,5915400
2010-03-22,12.88,13.0,12.75,12.93,12.431122,5883300
2010-03-23,12.98,13.46,12.89,13.33,12.815686,5856700
2010-03-24,13.21,13.4,13.15,13.28,12.767616,2729100
2010-03-25,13.46,13.54,13.14,13.19,12.681091,3326300
2010-03-26,13.29,13.36,12.85,13.03,12.527263,4440400
2010-03-29,13.14,13.27,12.98,13.15,12.642632,3875500
2010-03-30,13.14,13.22,12.89,12.94,12.440737,3926700
2010-03-31,12.79,12.9,12.6,12.64,12.152312,4564500
2010-04-01,12.78,13.07,12.77,12.88,12.383051,3122400
2010-04-05,13.06,13.13,12.94,13.03,12.527263,3051100
2010-04-06,12.91,13.06,12.85,12.97,12.469578,2926200
2010-04-07,13.01,13.01,12.78,12.79,12.296522,4102800
2010-04-08,12.81,13.03,12.7,12.97,12.469578,5171100
2010-04-09,13.05,13.06,12.87,12.87,12.373436,5018600
2010-04-12,12.88,13.02,12.87,12.96,12.459964,3900300
2010-04-13,13.0,14.06,12.9,13.95,13.411767000000001,10746200
2010-04-14,14.04,14.36,13.52,14.24,13.690579000000001,8453100
2010-04-15,14.21,14.78,14.11,14.65,14.084757000000002,6660200
2010-04-16,14.63,14.81,14.04,14.27,13.719419,5393800
2010-04-19,14.15,14.44,13.78,14.11,13.565594,4570600
2010-04-20,14.24,14.42,14.19,14.31,13.757878,4394400
2010-04-21,14.4,14.66,14.26,14.57,14.007844,6084500
2010-04-22,14.35,14.52,14.05,14.49,13.930932,4088300
2010-04-23,14.48,15.06,14.41,14.58,14.017458999999999,7235900
2010-04-26,14.65,14.87,14.39,14.47,13.911706,5337100
2010-04-27,14.41,14.54,13.87,14.05,13.507907999999999,7606600
2010-04-28,14.72,15.27,13.76,13.82,13.286782999999998,11435800
2010-04-29,14.01,14.5,13.72,14.31,13.757878,8092000
2010-04-30,14.34,14.52,13.4,13.43,12.911831,9136000
2010-05-03,13.57,14.06,13.52,13.95,13.411767000000001,4231200
2010-05-04,13.73,13.75,13.37,13.48,12.9599,5291700
2010-05-05,13.22,13.73,12.88,13.21,12.700319,8474300
2010-05-06,13.13,13.75,11.62,12.78,12.28691,10494000
2010-05-07,12.67,12.86,11.85,12.11,11.64276,10527100
2010-05-10,12.97,13.04,12.6,12.83,12.334980999999999,4919400
2010-05-11,12.61,13.03,12.51,12.7,12.209992999999999,3286600
2010-05-12,12.76,13.21,12.76,13.15,12.642632,3905800
2010-05-13,13.11,13.61,13.09,13.37,12.854144999999999,6580300
2010-05-14,13.2,13.25,12.92,13.05,12.546491,6834000
2010-05-17,13.09,13.34,12.55,12.95,12.450351,5696900
2010-05-18,13.15,13.22,12.27,12.39,11.911956,8734400
2010-05-19,12.26,12.26,11.44,11.97,11.508161999999999,8981400
2010-05-20,11.38,11.7,11.21,11.21,10.777485,9691200
2010-05-21,10.96,11.64,10.85,11.33,10.892853,7652800
2010-05-24,11.3,11.42,11.09,11.11,10.681343,3706700
2010-05-25,10.79,11.27,10.59,11.25,10.815942,6974800
2010-05-26,11.42,11.7,11.33,11.48,11.037068,5607600
2010-05-27,11.89,12.19,11.78,12.18,11.71006,3901700
2010-05-28,12.17,12.33,11.73,11.9,11.440863,3684800
2010-06-01,11.69,11.9,11.4,11.4,10.960153,3866200
2010-06-02,11.5,11.84,11.4,11.84,11.383175999999999,2872700
2010-06-03,11.94,12.25,11.83,12.06,11.594688,2979300
2010-06-04,11.84,12.05,11.41,11.49,11.04668,5771300
2010-06-07,11.52,11.68,10.97,11.04,10.614042999999999,3471700
2010-06-08,11.1,11.25,10.74,10.92,10.498674000000001,5197700
2010-06-09,10.98,11.28,10.73,10.77,10.354459,4020400
2010-06-10,11.06,11.31,10.93,11.27,10.835169,2805400
2010-06-11,11.06,11.61,11.05,11.59,11.142822,2850900
2010-06-14,11.77,12.15,11.58,11.81,11.354335,3752900
2010-06-15,11.98,12.36,11.89,12.36,11.883113999999999,2620900
2010-06-16,12.21,12.29,11.92,12.03,11.565846,2753800
2010-06-17,12.12,12.12,11.7,11.94,11.479319,2452200
2010-06-18,12.0,12.23,11.92,11.99,11.527387,2165300
2010-06-21,12.23,12.62,12.22,12.29,11.815813,3325800
2010-06-22,12.29,12.58,11.98,12.07,11.604302,3122300
2010-06-23,12.12,12.15,11.73,11.97,11.508161999999999,2451200
2010-06-24,11.83,11.88,11.56,11.61,11.162051,2205900
2010-06-25,11.62,11.66,11.24,11.4,10.960153,5552200
2010-06-28,11.43,11.52,11.18,11.22,10.787098,4320200
2010-06-29,11.0,11.04,10.14,10.22,9.825683,6664600
2010-06-30,10.25,10.48,9.89,9.94,9.556483,5992800
2010-07-01,10.02,10.23,9.65,10.12,9.729539,6396200
2010-07-02,10.25,10.32,9.88,10.01,9.623783999999999,2850500
2010-07-06,10.18,10.39,9.81,9.9,9.518025999999999,4216000
2010-07-07,9.96,10.4,9.95,10.38,9.979508000000001,3317300
2010-07-08,10.52,10.75,10.44,10.74,10.325619,3579900
2010-07-09,10.76,10.94,10.69,10.89,10.469831,2878600
2010-07-12,10.86,11.09,10.77,10.88,10.460217,2183500
2010-07-13,11.05,11.51,11.05,11.45,11.008224,3998300
2010-07-14,11.41,11.55,11.31,11.49,11.04668,2744700
2010-07-15,11.53,11.71,11.23,11.66,11.210122,2550200
2010-07-16,11.52,11.63,10.88,10.94,10.517901,4293800
2010-07-19,10.96,11.18,10.81,11.07,10.642886,2500200
2010-07-20,10.82,11.37,10.75,11.32,10.883239999999999,3036600
2010-07-21,11.51,11.87,11.32,11.73,11.277421,6551900
2010-07-22,11.92,12.27,11.86,12.23,11.758128999999998,4062700
2010-07-23,12.24,12.25,11.98,12.22,11.748513,4699700
2010-07-26,12.15,12.51,12.11,12.37,11.89273,4539800
2010-07-27,12.38,12.56,12.14,12.19,11.719672000000001,8614000
2010-07-28,12.12,12.26,11.62,11.95,11.488932,8367100
2010-07-29,12.31,12.66,10.62,11.27,10.835169,13588200
2010-07-30,11.19,11.19,10.53,10.67,10.258318,11159600
2010-08-02,10.85,11.5,10.85,11.45,11.008224,9382600
2010-08-03,11.48,11.51,11.15,11.4,10.960153,6658700
2010-08-04,11.39,11.54,11.24,11.48,11.037068,3913600
2010-08-05,11.41,11.53,11.22,11.45,11.008224,3171200
2010-08-06,11.2,11.27,10.86,11.15,10.7198,5347700
2010-08-09,11.25,11.29,11.09,11.1,10.671728,2851700
2010-08-10,10.91,11.0,10.72,10.89,10.469831,3156000
2010-08-11,10.61,10.65,10.41,10.44,10.037192999999998,3209200
2010-08-12,10.3,10.3,9.98,10.05,9.662241,5764800
2010-08-13,10.15,10.63,9.95,9.98,9.59494,6811400
2010-08-16,10.0,10.16,9.83,9.91,9.527642,4302000
2010-08-17,10.09,10.45,9.99,10.3,9.902596,4080000
2010-08-18,10.32,10.61,10.25,10.55,10.142947999999999,4575800
2010-08-19,10.49,10.54,9.95,9.99,9.604556,3929400
2010-08-20,9.92,10.04,9.8,9.85,9.469957,3847000
2010-08-23,9.97,9.97,9.64,9.64,9.268061,3512300
2010-08-24,9.44,9.59,9.25,9.37,9.008476,6048200
2010-08-25,9.37,9.73,9.1,9.67,9.296902000000001,5508100
2010-08-26,9.69,10.07,9.58,9.61,9.239218,6698600
2010-08-27,9.75,9.86,9.4,9.69,9.316130000000001,5362500
2010-08-30,9.68,9.7,9.3,9.33,8.970019,3727500
2010-08-31,9.28,9.52,9.13,9.24,8.88349,4688400
2010-09-01,9.48,9.71,9.37,9.53,9.162303,4263300
2010-09-02,9.62,10.26,9.55,10.13,9.739155,6468400
2010-09-03,10.27,10.5,10.2,10.3,9.902596,4536100
2010-09-07,10.29,10.29,9.66,9.68,9.306517,5529600
2010-09-08,9.77,9.96,9.71,9.94,9.556483,3277400
2010-09-09,10.09,10.26,9.96,10.11,9.719923,3045300
2010-09-10,10.11,10.44,10.1,10.35,9.950664999999999,4278000
2010-09-13,10.42,10.72,10.41,10.72,10.306389999999999,3648800
2010-09-14,10.64,10.77,10.5,10.71,10.296775,3830000
2010-09-15,10.62,10.83,10.48,10.81,10.392917,2644500
2010-09-16,10.77,10.83,10.64,10.79,10.37369,1534300
2010-09-17,10.87,11.16,10.77,11.16,10.729414,4270300
2010-09-20,11.23,11.33,10.99,11.28,10.844782,4936200
2010-09-21,11.27,11.38,11.01,11.08,10.652499,4745400
2010-09-22,10.98,11.05,10.63,10.65,10.239091,4682100
2010-09-23,10.53,10.82,10.34,10.36,9.960279,3308200
2010-09-24,10.59,10.84,10.56,10.82,10.40253,3341200
2010-09-27,10.89,10.98,10.72,10.85,10.431374,2257800
2010-09-28,10.86,10.86,10.51,10.83,10.412146,3698800
2010-09-29,10.77,10.96,10.71,10.78,10.364075,2706300
2010-09-30,10.87,10.91,10.62,10.75,10.335234,3062600
2010-10-01,10.93,11.0,10.85,10.85,10.431374,2899500
2010-10-04,10.83,10.91,10.52,10.56,10.152563,2578600
2010-10-05,10.73,10.95,10.73,10.87,10.450603,4664800
2010-10-06,10.88,10.94,10.72,10.92,10.498674000000001,3219900
2010-10-07,11.01,11.12,10.81,10.97,10.546743,3022000
2010-10-08,11.03,11.65,11.01,11.57,11.123594,5450900
2010-10-11,11.68,11.92,11.57,11.83,11.373562,3625800
2010-10-12,11.8,11.91,11.61,11.76,11.306263000000001,3442200
2010-10-13,11.92,11.97,11.7,11.88,11.421633,2930900
2010-10-14,11.89,11.93,11.63,11.72,11.267808,3433600
2010-10-15,11.91,12.06,11.61,11.97,11.508161999999999,4731600
2010-10-18,11.99,12.14,11.84,12.11,11.64276,2743500
2010-10-19,11.88,12.03,11.57,11.67,11.219736,3260700
2010-10-20,11.73,12.02,11.69,11.88,11.421633,2542300
2010-10-21,12.02,12.14,11.57,11.69,11.238963,3700800
2010-10-22,11.67,11.81,11.65,11.74,11.287036,1230500
2010-10-25,11.86,11.98,11.73,11.73,11.277421,2601700
2010-10-26,11.67,11.89,11.26,11.76,11.306263000000001,3303100
2010-10-27,11.66,11.76,11.41,11.61,11.162051,3759100
2010-10-28,11.33,11.33,10.52,10.56,10.152563,12598600
2010-10-29,10.61,10.65,10.1,10.22,9.825683,10015500
2010-11-01,10.3,10.53,10.13,10.21,9.816068,5409400
2010-11-02,10.36,10.36,10.0,10.03,9.643011999999999,6070400
2010-11-03,10.08,10.38,9.98,10.18,9.787224,7627300
2010-11-04,10.36,11.04,10.3,10.49,10.085265,4609500
2010-11-05,10.49,10.52,10.35,10.47,10.066036,3647600
2010-11-08,10.46,10.71,10.36,10.66,10.248705000000001,4798700
2010-11-09,10.7,10.77,10.22,10.3,9.902596,4997400
2010-11-10,10.3,10.41,10.06,10.16,9.767994999999999,6797900
2010-11-11,10.05,10.35,10.05,10.31,9.91221,3634000
2010-11-12,10.2,10.3,10.0,10.1,9.710312,4074100
2010-11-15,10.2,10.25,10.07,10.09,9.700698,3307100
2010-11-16,10.03,10.1,9.77,9.85,9.469957,5444600
2010-11-17,9.9,9.95,9.64,9.71,9.335359,3894600
2010-11-18,9.86,10.29,9.81,10.17,9.777611,9038900
2010-11-19,10.22,10.47,10.08,10.33,9.931436999999999,4581900
2010-11-22,10.24,10.3,10.11,10.22,9.825683,3333500
2010-11-23,10.05,10.15,9.84,9.96,9.575713,5072500
2010-11-24,10.03,10.2,10.02,10.11,9.719923,3634100
2010-11-26,10.08,10.09,10.0,10.03,9.643011999999999,956700
2010-11-29,9.94,9.94,9.54,9.64,9.268061,6167100
2010-11-30,9.52,9.68,9.51,9.56,9.191148,4247000
2010-12-01,9.77,9.99,9.67,9.88,9.4988,5344600
2010-12-02,9.93,10.12,9.85,9.85,9.469957,5508500
2010-12-03,9.88,10.0,9.85,9.93,9.546871000000001,4154700
2010-12-06,9.91,10.49,9.9,10.42,10.017964,6387100
2010-12-07,10.56,10.65,10.21,10.5,10.094877,5587800
2010-12-08,10.5,10.63,10.4,10.48,10.07565,3902500
2010-12-09,10.98,11.73,10.96,11.55,11.104365,14479500
2010-12-10,11.58,11.58,10.91,11.35,10.912083,8899800
2010-12-13,11.45,11.77,11.35,11.44,10.998609,5448200
2010-12-14,11.5,11.7,11.37,11.42,10.979383,3929600
2010-12-15,11.33,11.6,11.19,11.42,10.979383,4520800
2010-12-16,11.42,11.8,11.4,11.76,11.306263000000001,4723000
2010-12-17,11.78,11.9,11.55,11.64,11.190892,4838100
2010-12-20,11.64,11.82,11.59,11.77,11.315878999999999,2222300
2010-12-21,11.82,12.0,11.8,11.94,11.479319,2342200
2010-12-22,11.92,12.01,11.76,12.0,11.537003,3125000
2010-12-23,11.92,11.93,11.78,11.83,11.373562,1779200
2010-12-27,11.79,12.14,11.65,12.05,11.585074,3120100
2010-12-28,12.03,12.18,11.81,11.84,11.383175999999999,3710100
2010-12-29,11.91,12.0,11.82,11.82,11.36395,1848300
2010-12-30,11.85,11.96,11.8,11.91,11.450477000000001,1393000
2010-12-31,11.9,11.94,11.85,11.85,11.392791,1391200
2011-01-03,12.0,12.49,11.97,12.24,11.767743,4744000
2011-01-04,12.21,12.5,12.21,12.32,11.844659,4693100
2011-01-05,12.34,12.81,12.27,12.7,12.209992999999999,6975800
2011-01-06,12.75,12.79,12.21,12.27,11.796585,6111000
2011-01-07,12.96,13.24,12.55,12.9,12.402280000000001,11872700
2011-01-10,12.95,13.17,12.63,13.13,12.623405,6852500
2011-01-11,13.24,13.25,12.85,12.87,12.373436,5202000
2011-01-12,13.06,13.24,12.94,13.19,12.681091,4896900
2011-01-13,13.15,13.19,12.42,12.47,11.988871000000001,8184400
2011-01-14,12.52,12.53,12.03,12.13,11.661991,11506900
2011-01-18,12.16,12.22,11.78,12.03,11.565846,6606700
2011-01-19,12.01,12.17,11.57,11.67,11.219736,5770500
2011-01-20,11.67,12.02,11.42,11.75,11.29665,7040500
2011-01-21,11.84,12.04,11.58,11.58,11.133207,3868200
2011-01-24,11.58,11.93,11.52,11.82,11.36395,3508600
2011-01-25,11.94,12.18,11.9,12.16,11.690828999999999,7066900
2011-01-26,12.26,12.74,12.26,12.5,12.017710000000001,6851600
2011-01-27,12.03,12.45,11.98,12.31,11.835042999999999,5550200
2011-01-28,12.28,12.29,11.5,11.66,11.210122,7351800
2011-01-31,11.74,11.88,11.7,11.88,11.421633,3247600
2011-02-01,11.97,12.18,11.93,12.1,11.633142999999999,2990900
2011-02-02,12.0,12.19,11.96,12.09,11.623532,6820100
2011-02-03,12.04,12.29,11.88,12.25,11.777358,6316300
2011-02-04,12.87,12.96,12.55,12.76,12.26768,8106900
2011-02-07,12.77,13.18,12.77,12.95,12.450351,7442500
2011-02-08,12.98,13.0,12.86,12.94,12.440737,3283400
2011-02-09,12.89,12.92,12.51,12.51,12.027328,5800200
2011-02-10,12.99,14.37,12.94,14.3,13.748261999999999,25334100
2011-02-11,13.92,14.37,13.64,14.3,13.748261999999999,11648300
2011-02-14,14.17,14.3,13.81,14.19,13.642507,6228800
2011-02-15,14.17,14.87,14.1,14.39,13.834789,8762300
2011-02-16,14.54,15.2,14.45,14.98,14.402026000000001,10836300
2011-02-17,14.9,14.96,14.53,14.9,14.325111999999999,5599100
2011-02-18,15.1,15.15,14.74,14.89,14.3155,5192100
2011-02-22,14.53,14.56,13.83,13.91,13.37331,7437700
2011-02-23,13.93,14.25,13.34,13.67,13.142570000000001,6996500
2011-02-24,13.61,13.97,13.25,13.63,13.104113,5942900
2011-02-25,13.66,13.94,13.52,13.9,13.363696,3825900
2011-02-28,14.03,14.2,13.75,14.18,13.632893,5256500
2011-03-01,14.19,14.34,13.61,13.75,13.219484,9606000
2011-03-02,13.73,14.03,13.68,13.99,13.450223000000001,6573300
2011-03-03,14.08,14.22,13.85,13.98,13.440610000000001,5721400
2011-03-04,13.98,14.03,13.52,13.68,13.152184,4754000
2011-03-07,13.82,13.91,13.22,13.34,12.825303,4910100
2011-03-08,13.43,14.18,13.38,14.12,13.575207999999998,6060400
2011-03-09,14.04,14.47,14.0,14.39,13.834789,6761800
2011-03-10,14.1,14.33,13.93,14.05,13.507907999999999,6169300
2011-03-11,14.53,15.05,14.37,14.98,14.402026000000001,11610200
2011-03-14,14.77,15.45,14.65,15.07,14.488554,9294500
2011-03-15,14.28,15.1,14.17,14.95,14.373183,7255600
2011-03-16,14.94,14.95,14.3,14.48,13.921316000000001,6755700
2011-03-17,14.76,15.17,14.49,14.54,13.979001,6759300
2011-03-18,14.92,15.0,14.75,14.82,14.248199,5280800
2011-03-21,15.09,15.44,14.97,15.39,14.796207,5528600
2011-03-22,15.6,15.71,14.74,15.03,14.450099,8538000
2011-03-23,14.99,15.0,14.47,14.86,14.286655,5291700
2011-03-24,14.86,15.15,14.69,15.09,14.507781,3582000
2011-03-25,15.18,15.51,15.09,15.45,14.853892000000002,4215400
2011-03-28,14.99,15.2,14.5,14.57,14.007844,16088900
2011-03-29,14.66,14.84,14.61,14.74,14.171285000000001,12952600
2011-03-30,14.81,15.06,14.66,14.95,14.373183,10728300
2011-03-31,14.88,15.07,14.73,14.98,14.402026000000001,5949700
2011-04-01,15.15,15.47,15.11,15.22,14.632765,5582000
2011-04-04,15.22,15.24,14.93,15.02,14.440482999999999,3705100
2011-04-05,14.94,15.37,14.91,15.32,14.728907999999999,5880400
2011-04-06,15.46,15.59,15.14,15.2,14.613536999999999,5196800
2011-04-07,15.2,15.65,15.05,15.07,14.488554,4446100
2011-04-08,15.15,15.3,14.95,15.0,14.421253,5216000
2011-04-11,15.05,15.08,14.49,14.61,14.046301000000001,5795400
2011-04-12,14.5,15.1,14.44,15.02,14.440482999999999,6096700
2011-04-13,15.12,15.28,14.93,15.01,14.430869,6890400
2011-04-14,14.83,14.95,14.6,14.84,14.267429000000002,7306200
2011-04-15,14.94,15.19,14.8,15.15,14.565468,5266900
2011-04-18,14.87,15.28,14.7,15.25,14.661610999999999,7019500
2011-04-19,15.3,15.67,15.25,15.38,14.786593,6924500
2011-04-20,15.68,15.76,15.5,15.57,14.969261999999999,6204400
2011-04-21,15.66,16.09,15.56,15.96,15.344215,5866900
2011-04-25,16.08,16.290001,15.88,16.23,15.603797,6311800
2011-04-26,16.42,16.74,15.95,16.059998999999998,15.440354000000001,9303800
2011-04-27,16.139999,16.440001000000002,15.99,16.16,15.5365,5978600
2011-04-28,16.08,16.4,15.99,16.200001,15.574954,8210500
2011-04-29,17.870001000000002,18.68,17.57,18.15,17.449717,26048400
2011-05-02,18.25,18.27,17.58,17.75,17.065151,9510700
2011-05-03,17.780001000000002,17.969998999999998,17.459999,17.66,16.978621,9999600
2011-05-04,17.74,17.85,17.370001000000002,17.59,16.911329000000002,9526700
2011-05-05,17.379998999999998,17.879998999999998,17.129998999999998,17.459999,16.786341,5704300
2011-05-06,17.709999,18.040001,17.469998999999998,17.559998999999998,16.882476999999998,5842400
2011-05-09,17.610001,18.299999,17.52,18.23,17.526628,8174800
2011-05-10,18.27,18.83,18.07,18.719998999999998,17.997723,9409300
2011-05-11,18.690001000000002,18.74,17.719998999999998,17.83,17.142063,10879200
2011-05-12,17.719998999999998,18.25,17.5,17.99,17.295889000000003,6400000
2011-05-13,18.01,18.190001000000002,17.66,17.77,17.084377,5219200
2011-05-16,17.74,18.02,17.530001000000002,17.559998999999998,16.882476999999998,4211300
2011-05-17,17.5,17.540001,16.66,16.99,16.334475,11056700
2011-05-18,17.200001,17.48,17.1,17.440001000000002,16.767113000000002,8094700
2011-05-19,17.49,17.85,17.48,17.719998999999998,17.036308,6655700
2011-05-20,17.58,17.74,17.280001000000002,17.57,16.892096,4453900
2011-05-23,17.16,17.42,17.01,17.280001000000002,16.613285,4426100
2011-05-24,17.389999,17.65,16.709999,16.74,16.094116,6181900
2011-05-25,16.700001,17.200001,16.530001000000002,17.110001,16.449844,5454600
2011-05-26,17.02,17.52,16.879998999999998,17.49,16.815186999999998,5434900
2011-05-27,17.549999,17.639999,17.360001,17.51,16.834412,3131500
2011-05-31,17.77,17.790001,17.5,17.73,17.045919,4322300
2011-06-01,17.67,17.700001,16.860001,16.879998999999998,16.228718,5294000
2011-06-02,16.879998999999998,17.120001000000002,16.360001,16.73,16.084507000000002,7256800
2011-06-03,16.4,16.799999,16.0,16.51,15.872991,6083300
2011-06-06,16.5,16.610001,16.02,16.059998999999998,15.440354000000001,4631700
2011-06-07,16.17,16.299999,15.82,16.01,15.392284,6158700
2011-06-08,16.0,16.190001000000002,15.86,15.99,15.373057000000001,6556000
2011-06-09,16.09,16.51,15.98,16.059998999999998,15.440354000000001,11204200
2011-06-10,15.64,15.7,14.86,14.99,14.41164,12856600
2011-06-13,14.99,15.09,14.56,14.78,14.209742000000002,7199500
2011-06-14,14.94,15.39,14.89,15.02,14.440482999999999,9185400
2011-06-15,14.84,15.22,14.72,14.95,14.373183,7048600
2011-06-16,14.93,15.06,14.5,14.75,14.180902,5631500
2011-06-17,14.93,15.04,14.51,14.8,14.228971,5691800
2011-06-20,14.72,15.1,14.57,14.92,14.344341,3934200
2011-06-21,15.04,15.67,14.99,15.59,14.988491,5561300
2011-06-22,15.46,15.86,15.41,15.47,14.873123000000001,4001900
2011-06-23,15.2,15.78,15.07,15.77,15.161546,4963500
2011-06-24,15.77,15.98,15.61,15.88,15.267303,6515500
2011-06-27,15.88,16.23,15.63,16.040001,15.421129,5275300
2011-06-28,16.120001000000002,16.32,16.0,16.26,15.632641,4330600
2011-06-29,16.379998999999998,16.65,16.200001,16.6,15.959523,4326800
2011-06-30,16.66,16.969998999999998,16.549999,16.77,16.122965,5027400
2011-07-01,16.860001,17.33,16.75,17.290001,16.6229,6492600
2011-07-05,17.219998999999998,17.530001000000002,17.15,17.35,16.680585999999998,5953900
2011-07-06,17.25,18.0,17.15,17.85,17.161291000000002,9087800
2011-07-07,18.040001,18.129998999999998,17.379998999999998,17.43,16.757492000000003,11072000
2011-07-08,17.16,17.280001000000002,16.940001000000002,17.23,16.565216,5269600
2011-07-11,16.83,17.1,16.629998999999998,16.780001000000002,16.132578,6294000
2011-07-12,16.67,17.42,16.610001,17.15,16.4883,6986200
2011-07-13,17.309998999999998,17.76,17.24,17.32,16.651741,5492000
2011-07-14,17.41,17.870001000000002,17.190001000000002,17.5,16.8248,6184300
2011-07-15,17.559998999999998,17.860001,17.51,17.84,17.151684,5847600
2011-07-18,17.709999,17.950001,17.129998999999998,17.290001,16.6229,5342000
2011-07-19,17.42,17.610001,17.17,17.5,16.8248,6521500
2011-07-20,17.6,17.6,17.15,17.34,16.670969,4521400
2011-07-21,17.5,18.1,17.309998999999998,17.84,17.151684,7872200
2011-07-22,17.879998999999998,18.07,17.700001,17.889999,17.199747,2769200
2011-07-25,17.559998999999998,17.959999,17.469998999999998,17.65,16.969009,3668000
2011-07-26,17.639999,18.1,17.17,17.65,16.969009,5022500
2011-07-27,17.48,17.700001,17.02,17.17,16.507528,8514000
2011-07-28,18.15,18.25,15.69,15.93,15.315372,22068400
2011-07-29,15.72,16.27,15.5,16.17,15.546113,8968400
2011-08-01,16.280001000000002,16.469998999999998,15.63,16.0,15.382670999999998,7644500
2011-08-02,15.84,16.120001000000002,15.1,15.1,14.517397,8636200
2011-08-03,15.07,15.63,14.77,15.5,14.901962,6713600
2011-08-04,15.21,15.5,13.95,14.06,13.517525,13971700
2011-08-05,14.41,14.73,13.04,13.55,13.0272,12892400
2011-08-08,12.87,13.11,11.22,11.54,11.094750999999999,18707200
2011-08-09,11.95,12.44,11.58,12.41,11.931183,16082400
2011-08-10,12.13,12.63,11.82,11.86,11.402405,12352000
2011-08-11,11.94,12.8,11.65,12.57,12.08501,15669800
2011-08-12,12.81,13.9,12.76,13.48,12.9599,14543900
2011-08-15,13.78,14.03,13.65,14.0,13.459837,7007400
2011-08-16,13.85,14.08,13.5,13.73,13.200254000000001,8771500
2011-08-17,13.77,13.89,13.1,13.34,12.825303,7470900
2011-08-18,12.68,12.68,11.59,11.75,11.29665,10149400
2011-08-19,11.51,11.83,10.77,10.88,10.460217,9886500
2011-08-22,11.27,11.93,10.75,10.78,10.364075,10500700
2011-08-23,10.8,11.7,10.65,11.69,11.238963,8184200
2011-08-24,11.56,12.12,11.45,12.05,11.585074,5823400
2011-08-25,12.23,12.28,11.36,11.39,10.95054,7414700
2011-08-26,11.26,11.88,11.03,11.81,11.354335,5518900
2011-08-29,12.04,12.54,11.99,12.51,12.027328,4109100
2011-08-30,12.34,12.61,12.08,12.43,11.950413000000001,5881300
2011-08-31,12.64,13.1,12.32,12.46,11.979255,6800400
2011-09-01,12.43,12.51,12.02,12.07,11.604302,7388600
2011-09-02,11.85,11.94,11.29,11.5,11.056294,5130400
2011-09-06,10.86,11.31,10.63,11.06,10.633271,10371000
2011-09-07,11.34,11.73,11.18,11.62,11.171666,7833500
2011-09-08,11.51,11.79,11.18,11.24,10.806327,6093600
2011-09-09,11.04,11.44,10.63,10.78,10.364075,11567800
2011-09-12,10.72,10.89,10.02,10.33,9.931436999999999,13435700
2011-09-13,10.39,10.96,10.3,10.77,10.354459,9671300
2011-09-14,10.88,11.14,10.46,10.98,10.556356,7799000
2011-09-15,11.07,11.34,10.89,11.06,10.633271,6549500
2011-09-16,11.07,11.23,10.96,11.09,10.662115,5914300
2011-09-19,10.8,11.1,10.74,10.96,10.537131,4998800
2011-09-20,11.0,11.1,10.66,10.69,10.277546000000001,4394800
2011-09-21,10.84,10.86,10.0,10.01,9.623783999999999,5447200
2011-09-22,9.62,9.86,9.15,9.39,9.027704,8474500
2011-09-23,9.32,9.94,9.25,9.86,9.479572000000001,6278400
2011-09-26,10.0,10.17,9.5,10.16,9.767994999999999,6591600
2011-09-27,10.61,10.99,10.48,10.54,10.133333,6857300
2011-09-28,10.57,10.69,9.92,9.95,9.566094999999999,3586500
2011-09-29,10.25,10.66,10.18,10.45,10.046808,8916600
2011-09-30,10.23,10.56,10.03,10.09,9.700698,6906900
2011-10-03,10.0,10.22,9.35,9.37,9.008476,8720200
2011-10-04,9.09,9.91,8.53,9.88,9.4988,8300000
2011-10-05,9.87,10.32,9.63,10.25,9.854524000000001,6184700
2011-10-06,10.27,10.76,10.09,10.73,10.316005,5706300
2011-10-07,10.93,11.0,10.25,10.3,9.902596,7037800
2011-10-10,10.67,10.99,10.61,10.93,10.508287,5374000
2011-10-11,10.85,11.48,10.77,11.44,10.998609,6208700
2011-10-12,11.59,12.0,11.59,11.85,11.392791,8557000
2011-10-13,11.72,11.91,11.44,11.82,11.36395,5266200
2011-10-14,12.04,12.3,11.85,12.27,11.796585,5705900
2011-10-17,12.15,12.27,11.77,11.83,11.373562,4756600
2011-10-18,11.87,12.57,11.7,12.37,11.89273,5815500
2011-10-19,12.3,12.4,11.81,11.92,11.460092999999999,4389400
2011-10-20,11.94,12.17,11.67,12.13,11.661991,3434400
2011-10-21,12.3,13.04,12.3,12.97,12.469578,8055100
2011-10-24,13.04,13.99,12.95,13.64,13.113729999999999,9813100
2011-10-25,13.51,13.52,13.04,13.34,12.825303,6256800
2011-10-26,13.49,13.58,13.08,13.46,12.940673,6471400
2011-10-27,14.01,14.4,13.85,14.15,13.604049,10843800
2011-10-28,15.17,15.47,14.62,14.84,14.267429000000002,13223800
2011-10-31,14.77,14.93,14.05,14.36,13.805948,8900000
2011-11-01,13.53,13.87,13.0,13.59,13.065658,10312300
2011-11-02,13.94,14.08,13.57,13.84,13.306009,5388300
2011-11-03,14.16,14.43,13.59,14.38,13.825175,7327300
2011-11-04,14.22,14.42,13.78,14.3,13.748261999999999,5304500
2011-11-07,14.28,14.42,13.77,14.2,13.652121,4308000
2011-11-08,14.3,14.35,13.89,14.28,13.729033,5820100
2011-11-09,13.7,13.94,13.23,13.38,12.863758,7460800
2011-11-10,13.64,13.73,13.25,13.51,12.988743,5157300
2011-11-11,13.76,14.1,13.73,13.93,13.392538,4246100
2011-11-14,13.8,13.99,13.58,13.72,13.190641000000001,3723200
2011-11-15,13.62,14.01,13.52,13.91,13.37331,8383300
2011-11-16,13.72,14.1,13.59,13.6,13.075273,6573800
2011-11-17,13.6,13.64,12.86,12.99,12.488806,7082400
2011-11-18,13.1,13.13,12.68,12.76,12.26768,5650600
2011-11-21,12.2,12.28,11.83,12.14,11.6716,8202900
2011-11-22,12.08,12.48,12.07,12.35,11.8735,5537000
2011-11-23,12.2,12.25,11.97,12.01,11.546617999999999,3575700
2011-11-25,11.99,12.19,11.89,11.93,11.469705000000001,1593200
2011-11-28,12.54,13.0,12.47,12.9,12.402280000000001,5116000
2011-11-29,12.94,13.08,12.76,12.81,12.315752,3426500
2011-11-30,13.52,14.02,13.42,13.99,13.450223000000001,7734800
2011-12-01,13.91,14.13,13.67,13.92,13.382924,5594400
2011-12-02,14.17,14.54,14.08,14.12,13.575207999999998,5341300
2011-12-05,14.5,14.6,14.14,14.25,13.700191,3600600
2011-12-06,14.23,14.44,14.04,14.27,13.719419,3237900
2011-12-07,14.13,14.41,13.92,14.29,13.738648999999999,3425700
2011-12-08,14.18,14.43,13.9,13.93,13.392538,3653400
2011-12-09,14.01,14.69,14.01,14.55,13.988617999999999,5676300
2011-12-12,14.25,14.34,14.04,14.29,13.738648999999999,3390200
2011-12-13,14.44,14.56,13.22,13.42,12.902215,7291000
2011-12-14,13.25,13.42,13.09,13.26,12.748391,5596900
2011-12-15,13.5,13.63,13.28,13.53,13.007971000000001,3511300
2011-12-16,13.68,13.86,13.46,13.58,13.056042999999999,3734900
2011-12-19,13.68,13.71,13.06,13.11,12.604175,3429600
2011-12-20,13.44,13.74,13.42,13.66,13.132956,4165600
2011-12-21,13.71,13.94,13.48,13.84,13.306009,3263600
2011-12-22,13.95,14.15,13.92,14.07,13.527137,2258600
2011-12-23,14.17,14.33,13.95,14.31,13.757878,2316100
2011-12-27,14.3,14.35,14.09,14.16,13.613665,2047600
2011-12-28,14.19,14.22,13.81,13.94,13.402152,2204500
2011-12-29,14.0,14.17,13.93,14.14,13.594435,1970300
2011-12-30,14.17,14.34,14.1,14.17,13.623277999999999,1687000
2012-01-03,14.57,14.82,14.5,14.57,14.007844,3536100
2012-01-04,14.42,14.89,14.25,14.73,14.16167,4104600
2012-01-05,14.59,14.99,14.46,14.91,14.334726999999999,4768300
2012-01-06,14.93,15.27,14.79,15.15,14.565468,4651000
2012-01-09,15.15,15.38,15.15,15.28,14.690451999999999,4951400
2012-01-10,15.61,15.8,13.5,14.01,13.469453,23197700
2012-01-11,13.83,13.87,13.45,13.78,13.248326,8202900
2012-01-12,13.84,14.15,13.8,13.84,13.306009,6122900
2012-01-13,13.67,13.71,13.19,13.5,12.97913,7099300
2012-01-17,13.66,13.92,13.25,13.36,12.844531,4931900
2012-01-18,13.3,13.69,13.25,13.49,12.969514,5769700
2012-01-19,13.51,13.8,13.51,13.76,13.229095999999998,3469500
2012-01-20,13.75,13.78,13.43,13.65,13.123342000000001,4259300
2012-01-23,13.67,13.8,13.32,13.54,13.017585,4238800
2012-01-24,13.43,13.7,13.35,13.69,13.161798000000001,3706700
2012-01-25,13.67,13.71,13.39,13.58,13.056042999999999,3604200
2012-01-26,13.69,13.96,13.32,13.45,12.931058,4619300
2012-01-27,13.34,13.65,13.05,13.5,12.97913,3136600
2012-01-30,13.4,13.4,13.17,13.31,12.79646,3744900
2012-01-31,13.4,13.46,12.94,13.0,12.498422999999999,5486400
2012-02-01,13.25,13.46,13.09,13.28,12.767616,5404500
2012-02-02,13.35,13.44,13.17,13.28,12.767616,3706800
2012-02-03,13.49,13.88,13.42,13.86,13.325239999999999,5265300
2012-02-06,13.78,14.04,13.75,13.98,13.440610000000001,5155900
2012-02-07,14.03,14.13,13.71,14.01,13.469453,4130200
2012-02-08,14.04,14.24,13.82,13.95,13.411767000000001,5074900
2012-02-09,13.98,14.34,13.96,14.16,13.613665,5358700
2012-02-10,14.0,14.02,13.77,13.88,13.344466,4041800
2012-02-13,14.07,14.2,13.95,13.97,13.430995000000001,6492700
2012-02-14,13.25,13.57,12.66,13.25,12.738774000000001,24188100
2012-02-15,13.28,13.49,13.07,13.1,12.594563,7952200
2012-02-16,13.1,13.22,13.0,13.19,12.681091,6408100
2012-02-17,13.3,13.55,13.19,13.42,12.902215,6730200
2012-02-21,13.48,13.78,13.41,13.48,12.9599,4877500
2012-02-22,13.49,13.55,13.06,13.15,12.642632,5090800
2012-02-23,13.16,13.29,13.03,13.23,12.719547,5935300
2012-02-24,13.22,13.3,13.08,13.11,12.604175,3878500
2012-02-27,13.03,13.03,12.73,12.94,12.440737,7382400
2012-02-28,12.93,13.05,12.87,12.95,12.450351,4908700
2012-02-29,12.92,13.01,12.75,12.86,12.363821000000002,3786900
2012-03-01,12.91,13.07,12.81,12.86,12.363821000000002,5210600
2012-03-02,12.85,13.34,12.78,13.12,12.61379,11245900
2012-03-05,13.09,13.09,12.51,12.72,12.229224,6086000
2012-03-06,12.47,12.53,12.19,12.25,11.777358,6840200
2012-03-07,12.26,12.4,12.2,12.21,11.738901,5021600
2012-03-08,12.34,12.51,12.31,12.37,11.89273,4726800
2012-03-09,12.37,12.5,12.3,12.38,11.902341999999999,4130600
2012-03-12,12.4,12.43,12.09,12.15,11.681215,4387800
2012-03-13,12.26,12.38,12.17,12.34,11.863886,6030600
2012-03-14,12.34,12.6,12.24,12.32,11.844659,5004900
2012-03-15,12.33,12.45,12.21,12.35,11.8735,4586300
2012-03-16,12.42,12.44,12.16,12.16,11.690828999999999,4788900
2012-03-19,12.15,12.21,12.11,12.15,11.681215,4126900
2012-03-20,12.05,12.14,11.89,12.08,11.613919000000001,4445400
2012-03-21,12.08,12.17,11.98,12.08,11.613919000000001,4948600
2012-03-22,11.95,12.02,11.73,11.77,11.315878999999999,5816900
2012-03-23,11.9,11.99,11.74,11.91,11.450477000000001,5293600
2012-03-26,12.03,12.08,11.88,12.01,11.546617999999999,3872300
2012-03-27,12.02,12.08,11.83,11.86,11.402405,7170900
2012-03-28,11.87,11.89,11.41,11.46,11.01784,6739900
2012-03-29,11.36,11.45,11.22,11.38,10.940925,4291400
2012-03-30,11.46,11.47,11.07,11.22,10.787098,5136900
2012-04-02,11.18,11.5,11.14,11.39,10.95054,5318800
2012-04-03,11.33,11.49,11.15,11.2,10.76787,4229100
2012-04-04,11.07,11.19,10.89,11.07,10.642886,6121900
2012-04-05,11.01,11.23,10.99,11.02,10.594814999999999,4120600
2012-04-09,10.77,10.84,10.54,10.68,10.267934,5993000
2012-04-10,10.73,10.73,10.24,10.39,9.989122,8302000
2012-04-11,10.55,10.72,10.39,10.64,10.229478,6719100
2012-04-12,10.7,10.96,10.56,10.96,10.537131,5923500
2012-04-13,10.89,10.91,10.59,10.59,10.181405999999999,4636900
2012-04-16,10.68,10.76,10.41,10.41,10.008349,5186500
2012-04-17,10.52,10.7,10.38,10.57,10.162177,5109200
2012-04-18,10.39,10.76,10.39,10.75,10.335234,6533200
2012-04-19,10.79,11.54,10.75,11.17,10.739027,17054900
2012-04-20,11.34,11.39,11.07,11.24,10.806327,9453600
2012-04-23,11.06,11.47,10.87,11.27,10.835169,9029100
2012-04-24,11.26,11.43,11.11,11.19,10.758257,8842500
2012-04-25,11.34,11.63,11.28,11.6,11.152438,9508300
2012-04-26,11.6,11.96,11.41,11.93,11.469705000000001,11147000
2012-04-27,12.26,12.36,10.72,11.32,10.883239999999999,24460000
2012-04-30,11.32,11.33,10.74,10.98,10.556356,10063400
2012-05-01,10.95,11.4,10.81,11.28,10.844782,8769000
2012-05-02,11.19,11.24,11.01,11.14,10.710185000000001,6217700
2012-05-03,11.12,11.29,10.83,10.9,10.479445,6348400
2012-05-04,10.93,11.11,10.77,10.84,10.421761,7033100
2012-05-07,10.78,10.99,10.71,10.88,10.460217,4396800
2012-05-08,10.8,10.87,10.37,10.84,10.421761,6814600
2012-05-09,10.57,10.59,10.27,10.41,10.008349,10625700
2012-05-10,10.55,10.58,10.08,10.3,9.902596,10938400
2012-05-11,10.19,10.83,10.14,10.55,10.142947999999999,9226000
2012-05-14,10.42,10.78,10.42,10.6,10.191021000000001,6403200
2012-05-15,10.55,10.57,10.17,10.19,9.796838000000001,6990700
2012-05-16,10.32,11.0,10.25,10.69,10.277546000000001,11404200
2012-05-17,10.71,10.73,10.17,10.22,9.825683,5518700
2012-05-18,10.27,10.31,10.0,10.04,9.652629,5314100
2012-05-21,10.06,10.45,10.03,10.41,10.008349,4620700
2012-05-22,10.47,10.77,10.38,10.61,10.200632,5025400
2012-05-23,10.53,10.58,10.05,10.52,10.114105,8111300
2012-05-24,10.48,10.54,10.2,10.42,10.017964,4283500
2012-05-25,10.38,10.7,10.37,10.59,10.181405999999999,3723200
2012-05-29,10.64,10.98,10.64,10.96,10.537131,4083100
2012-05-30,10.73,10.79,10.34,10.35,9.950664999999999,6477000
2012-05-31,10.32,10.49,9.98,10.45,10.046808,9327400
2012-06-01,10.12,10.13,9.82,9.87,9.489185,8425900
2012-06-04,9.87,9.99,9.24,9.44,9.075776,9847800
2012-06-05,9.4,9.62,9.35,9.54,9.171917,5081200
2012-06-06,9.65,9.99,9.65,9.96,9.575713,4989700
2012-06-07,10.17,10.46,10.0,10.28,9.883367,7679200
2012-06-08,10.22,10.51,10.12,10.49,10.085265,4626100
2012-06-11,10.63,10.66,10.12,10.16,9.767994999999999,4913000
2012-06-12,10.21,10.51,10.15,10.48,10.07565,6654300
2012-06-13,10.39,10.83,10.25,10.42,10.017964,8245400
2012-06-14,10.42,10.75,10.18,10.62,10.210249000000001,5859700
2012-06-15,10.72,11.05,10.62,11.02,10.594814999999999,5606700
2012-06-18,10.97,11.18,10.76,10.92,10.498674000000001,11357300
2012-06-19,11.0,11.75,10.98,11.53,11.085137,10054200
2012-06-20,11.6,11.78,11.45,11.65,11.200509,5915500
2012-06-21,11.73,11.78,11.13,11.21,10.777485,6707600
2012-06-22,11.33,11.49,11.23,11.46,11.01784,5568000
2012-06-25,11.26,11.26,10.82,10.98,10.556356,6561400
2012-06-26,11.0,11.15,10.84,11.09,10.662115,4545800
2012-06-27,11.12,11.52,11.09,11.43,10.988997,4783400
2012-06-28,11.29,11.64,11.27,11.6,11.152438,6482900
2012-06-29,11.92,11.94,11.65,11.81,11.354335,7046400
2012-07-02,11.8,11.81,11.3,11.42,10.979383,5491300
2012-07-03,11.43,11.62,11.28,11.44,10.998609,3526700
2012-07-05,11.4,11.65,11.21,11.62,11.171666,5870100
2012-07-06,11.39,11.44,11.0,11.09,10.662115,5288200
2012-07-09,11.07,11.15,10.85,10.99,10.565972,5097600
2012-07-10,11.13,11.2,10.77,10.83,10.412146,6326000
2012-07-11,10.78,10.83,10.48,10.57,10.162177,7125600
2012-07-12,10.52,10.52,10.08,10.24,9.844911,8379200
2012-07-13,10.26,10.53,10.14,10.24,9.844911,11507900
2012-07-16,10.26,10.37,10.0,10.11,9.719923,5493200
2012-07-17,10.21,10.31,9.94,10.16,9.767994999999999,8525200
2012-07-18,10.1,10.32,10.08,10.16,9.767994999999999,5141900
2012-07-19,10.2,10.25,10.05,10.09,9.700698,4526300
2012-07-20,9.94,10.16,9.79,9.81,9.431503,5715400
2012-07-23,9.65,10.1,9.55,10.04,9.652629,9496300
2012-07-24,10.27,10.33,9.7,9.8,9.421885000000001,7514900
2012-07-25,9.88,9.95,9.62,9.74,9.364202,5801700
2012-07-26,9.96,10.0,9.75,9.89,9.508414,6756900
2012-07-27,10.03,10.94,10.02,10.57,10.162177,11134100
2012-07-30,10.53,10.68,10.32,10.37,9.969894,6807500
2012-07-31,10.61,11.59,10.6,11.45,11.008224,17721700
2012-08-01,11.51,12.6,11.29,11.51,11.06591,17266900
2012-08-02,11.31,11.43,10.86,11.03,10.604428,8047400
2012-08-03,11.32,11.51,11.11,11.16,10.729414,8879200
2012-08-06,11.34,11.37,10.97,11.26,10.825558000000001,6098600
2012-08-07,11.32,11.6,11.17,11.52,11.075523,7051900
2012-08-08,11.44,11.73,11.29,11.63,11.181277,6402600
2012-08-09,11.61,11.78,11.46,11.69,11.238963,4986700
2012-08-10,11.68,11.83,11.55,11.74,11.287036,3992700
2012-08-13,11.68,11.96,11.6,11.82,11.36395,4547400
2012-08-14,11.92,11.97,11.57,11.65,11.200509,4559900
2012-08-15,11.68,11.81,11.53,11.64,11.190892,5464400
2012-08-16,11.72,11.88,11.63,11.77,11.315878999999999,4991600
2012-08-17,11.84,12.06,11.8,12.04,11.575460000000001,4883400
2012-08-20,12.0,12.15,11.86,12.13,11.661991,4842200
2012-08-21,12.15,12.31,11.88,11.99,11.527387,6927500
2012-08-22,11.89,11.95,11.73,11.86,11.402405,5612100
2012-08-23,11.85,12.01,11.68,11.86,11.402405,5668900
2012-08-24,11.75,12.02,11.67,11.88,11.421633,2863000
2012-08-27,11.88,12.03,11.65,11.69,11.238963,3303400
2012-08-28,11.69,11.83,11.57,11.58,11.133207,3835900
2012-08-29,11.57,11.91,11.52,11.87,11.412019,3528500
2012-08-30,11.77,11.92,11.71,11.78,11.325492,3420600
2012-08-31,11.88,12.26,11.84,12.2,11.729287,7100200
2012-09-04,12.14,12.27,11.9,12.12,11.652372,4486600
2012-09-05,12.1,12.57,12.0,12.54,12.056171,5944400
2012-09-06,12.63,13.15,12.63,12.98,12.479192999999999,6304900
2012-09-07,12.98,13.2,12.94,13.16,12.652246,5235200
2012-09-10,13.1,13.25,13.09,13.12,12.61379,5114700
2012-09-11,13.15,13.26,12.98,13.06,12.556106,5386600
2012-09-12,13.19,13.31,12.93,13.02,12.517649,3974300
2012-09-13,13.01,13.4,12.88,13.28,12.767616,5251200
2012-09-14,13.33,13.52,13.32,13.51,12.988743,4579100
2012-09-17,13.5,13.5,13.12,13.16,12.652246,2841600
2012-09-18,13.08,13.12,12.81,12.95,12.450351,3713500
2012-09-19,13.0,13.54,12.93,13.48,12.9599,5211600
2012-09-20,13.3,13.42,13.05,13.38,12.863758,3409300
2012-09-21,13.29,13.4,12.67,12.73,12.238839,10947500
2012-09-24,12.71,12.94,12.62,12.78,12.28691,5906800
2012-09-25,12.82,12.85,12.13,12.17,11.700445,4776000
2012-09-26,12.13,12.17,11.87,11.99,11.527387,5010900
2012-09-27,12.71,12.77,12.35,12.46,11.979255,5872600
2012-09-28,12.35,12.4,12.13,12.19,11.719672000000001,3650600
2012-10-01,12.35,12.55,12.21,12.3,11.825429,4084600
2012-10-02,12.37,12.4,12.07,12.39,11.911956,3985500
2012-10-03,12.4,12.54,12.33,12.42,11.9408,3183900
2012-10-04,12.52,12.74,12.42,12.73,12.238839,3336000
2012-10-05,12.88,13.11,12.69,12.74,12.248453,3876900
2012-10-08,12.63,12.7,12.5,12.56,12.075398,3217700
2012-10-09,12.56,12.64,12.33,12.62,12.133082,5405800
2012-10-10,12.58,12.65,12.28,12.33,11.854272,3152000
2012-10-11,12.75,12.81,12.42,12.44,11.960026,5025400
2012-10-12,12.42,12.66,12.22,12.28,11.8062,3396500
2012-10-15,12.34,12.44,12.19,12.4,11.92157,2639100
2012-10-16,12.38,12.59,11.93,12.57,12.08501,3888900
2012-10-17,12.57,12.83,12.55,12.79,12.296522,3614500
2012-10-18,12.76,12.86,12.61,12.73,12.238839,4142400
2012-10-19,12.69,12.71,12.35,12.39,11.911956,4196800
2012-10-22,12.34,12.58,12.22,12.54,12.056171,4393500
2012-10-23,12.26,12.47,12.2,12.3,11.825429,3573300
2012-10-24,12.39,12.51,12.21,12.26,11.786972,2431200
2012-10-25,12.4,12.54,12.1,12.3,11.825429,4690600
2012-10-26,11.65,11.73,10.99,11.02,10.594814999999999,15418200
2012-10-31,11.14,11.43,10.94,11.41,10.969767,5991200
2012-11-01,11.43,11.72,11.38,11.64,11.190892,5044500
2012-11-02,11.78,11.88,11.58,11.6,11.152438,4293300
2012-11-05,11.55,11.82,11.55,11.66,11.210122,2590300
2012-11-06,11.79,12.15,11.68,12.07,11.604302,6172300
2012-11-07,11.82,11.91,11.67,11.77,11.315878999999999,3400300
2012-11-08,11.85,11.97,11.6,11.65,11.200509,4097500
2012-11-09,11.56,11.86,11.51,11.53,11.085137,3964000
2012-11-12,11.6,11.69,11.54,11.61,11.162051,2478900
2012-11-13,11.5,11.6,11.27,11.29,10.854397,3172200
2012-11-14,11.34,11.79,10.91,10.99,10.565972,3983200
2012-11-15,11.0,11.28,10.93,11.19,10.758257,4429200
2012-11-16,11.21,11.39,10.95,11.16,10.729414,3437500
2012-11-19,11.34,11.46,11.21,11.29,10.854397,3695800
2012-11-20,11.3,11.49,11.19,11.41,10.969767,2140000
2012-11-21,11.41,11.66,11.37,11.61,11.162051,2022300
2012-11-23,11.7,11.86,11.63,11.83,11.373562,1126300
2012-11-26,11.74,11.9,11.67,11.83,11.373562,2262500
2012-11-27,11.79,11.87,11.67,11.67,11.219736,2445900
2012-11-28,11.6,11.93,11.47,11.9,11.440863,2736100
2012-11-29,11.99,12.34,11.96,12.34,11.863886,4058800
2012-11-30,12.34,12.62,12.31,12.6,12.113853,4603500
2012-12-03,12.69,12.75,12.51,12.58,12.094625,3471900
2012-12-04,12.6,12.83,12.52,12.76,12.26768,3262500
2012-12-05,12.75,12.9,12.65,12.8,12.306138,3552200
2012-12-06,12.78,12.87,12.57,12.74,12.248453,2924500
2012-12-07,12.82,12.9,12.66,12.78,12.28691,3322000
2012-12-10,12.72,13.18,12.52,13.09,12.584949,6595000
2012-12-11,13.16,13.4,13.04,13.17,12.661861,3287900
2012-12-12,13.22,13.31,13.1,13.14,12.63302,2468300
2012-12-13,13.11,13.25,12.79,12.86,12.363821000000002,3329200
2012-12-14,12.81,12.95,12.76,12.95,12.450351,2821000
2012-12-17,12.99,13.12,12.92,13.08,12.575334,2970900
2012-12-18,12.81,13.59,12.81,13.56,13.036814,3031400
2012-12-19,13.56,13.59,13.29,13.3,12.786845,2589600
2012-12-20,13.28,13.33,13.03,13.14,12.63302,3059000
2012-12-21,13.03,13.2,12.77,13.08,12.575334,3112600
2012-12-24,13.35,13.35,13.01,13.03,12.527263,864500
2012-12-26,13.05,13.33,13.03,13.17,12.661861,1797800
2012-12-27,13.21,13.47,13.11,13.42,12.902215,2633000
2012-12-28,13.34,13.42,13.29,13.29,12.777233,1752500
2012-12-31,13.28,13.84,13.25,13.81,13.277171,3552300
2013-01-02,14.04,14.15,13.92,14.01,13.469453,3875700
2013-01-03,13.95,14.21,13.83,14.07,13.527137,2589800
2013-01-04,14.14,14.39,13.95,14.35,13.796334,2236300
2013-01-07,14.24,14.3,13.98,14.1,13.555979,2838800
2013-01-08,13.99,14.16,13.71,14.06,13.517525,2658200
2013-01-09,14.13,14.65,14.08,14.36,13.805948,3724000
2013-01-10,14.48,14.52,14.08,14.13,13.584823000000002,4027300
2013-01-11,14.08,14.14,13.72,13.78,13.248326,3732400
2013-01-14,13.78,13.95,13.66,13.94,13.402152,2691900
2013-01-15,13.88,14.18,13.82,14.01,13.469453,3737600
2013-01-16,13.92,13.92,13.58,13.85,13.315626000000002,3911400
2013-01-17,13.85,13.98,13.67,13.88,13.344466,3045400
2013-01-18,14.06,14.06,13.64,13.81,13.277171,3472600
2013-01-22,13.75,13.93,13.5,13.87,13.334851,3488000
2013-01-23,13.86,13.91,13.61,13.71,13.181025,3509200
2013-01-24,13.69,13.91,13.66,13.81,13.277171,2230200
2013-01-25,13.66,13.98,13.66,13.87,13.334851,2436500
2013-01-28,13.94,13.99,13.76,13.88,13.344466,4075500
2013-01-29,13.89,13.95,13.73,13.92,13.382924,2579400
2013-01-30,13.92,13.96,13.78,13.82,13.286782999999998,1691900
2013-01-31,13.68,13.85,13.6,13.75,13.219484,3323600
2013-02-01,13.84,13.88,13.72,13.78,13.248326,3193100
2013-02-04,13.69,13.76,13.37,13.43,12.911831,3713500
2013-02-05,13.49,13.68,13.46,13.62,13.0945,4177900
2013-02-06,13.63,13.78,13.47,13.59,13.065658,5153800
2013-02-07,13.68,13.71,13.44,13.53,13.007971000000001,4510700
2013-02-08,13.62,13.78,13.32,13.59,13.065658,5875900
2013-02-11,13.7,13.93,13.53,13.91,13.37331,7967900
2013-02-12,13.55,14.15,13.1,13.86,13.325239999999999,12293500
2013-02-13,13.9,14.18,13.9,14.08,13.536753,7092500
2013-02-14,14.0,14.2,13.93,14.17,13.623277999999999,4514500
2013-02-15,14.25,14.32,14.03,14.1,13.555979,4641600
2013-02-19,14.1,14.26,14.07,14.09,13.546366,3080800
2013-02-20,14.08,14.2,13.82,13.86,13.325239999999999,3722400
2013-02-21,13.82,13.88,13.43,13.53,13.007971000000001,4683100
2013-02-22,13.58,13.63,13.35,13.45,12.931058,3517600
2013-02-25,13.61,13.68,12.96,13.0,12.498422999999999,4849400
2013-02-26,13.02,13.3,12.63,12.9,12.402280000000001,4867600
2013-02-27,12.96,13.05,12.82,12.9,12.402280000000001,3874500
2013-02-28,12.87,13.2,12.87,12.99,12.488806,3708500
2013-03-01,12.95,13.16,12.8,12.96,12.459964,4222500
2013-03-04,12.92,12.94,12.6,12.67,12.181152,2881600
2013-03-05,12.74,12.95,12.72,12.8,12.306138,3408900
2013-03-06,12.86,12.94,12.75,12.9,12.402280000000001,3231400
2013-03-07,12.99,13.0,12.87,12.94,12.440737,1533400
2013-03-08,13.0,13.31,12.9,13.08,12.575334,4145000
2013-03-11,13.2,13.2,12.82,12.98,12.479192999999999,5544200
2013-03-12,12.96,13.1,12.92,12.98,12.479192999999999,4780100
2013-03-13,12.99,13.49,12.99,13.42,12.902215,4822300
2013-03-14,13.46,13.61,13.36,13.55,13.0272,2998400
2013-03-15,13.57,13.74,13.54,13.73,13.200254000000001,5224600
2013-03-18,13.57,13.63,13.35,13.41,12.892603,3640400
2013-03-19,13.48,13.7,13.22,13.27,12.758003,4458700
2013-03-20,13.37,13.47,13.28,13.42,12.902215,2223300
2013-03-21,13.28,13.38,12.91,12.99,12.488806,3960100
2013-03-22,13.01,13.16,12.75,12.8,12.306138,3279500
2013-03-25,12.91,12.94,12.55,12.66,12.171536999999999,3846400
2013-03-26,12.69,12.85,12.52,12.82,12.325363000000001,3964600
2013-03-27,12.72,12.8,12.54,12.77,12.277296,2935000
2013-03-28,12.73,12.79,12.46,12.61,12.123467,2891800
2013-04-01,12.59,12.65,12.34,12.42,11.9408,4293700
2013-04-02,12.57,12.57,12.14,12.22,11.748513,2546400
2013-04-03,12.2,12.38,12.02,12.06,11.594688,5181300
2013-04-04,12.1,12.33,12.06,12.26,11.786972,2951600
2013-04-05,12.05,12.23,11.96,12.16,11.690828999999999,2720500
2013-04-08,12.14,12.46,12.09,12.43,11.950413000000001,3421400
2013-04-09,12.45,12.7,12.28,12.55,12.065782,4524400
2013-04-10,12.56,12.75,12.37,12.7,12.209992999999999,4276200
2013-04-11,12.77,12.9,12.66,12.83,12.334980999999999,2618900
2013-04-12,12.8,12.8,12.35,12.51,12.027328,3979100
2013-04-15,12.47,12.5,11.83,11.95,11.488932,4930900
2013-04-16,12.08,12.44,12.06,12.42,11.9408,4120400
2013-04-17,12.27,12.36,11.9,12.02,11.556233,4334900
2013-04-18,12.08,12.16,11.87,11.98,11.517776,4099100
2013-04-19,12.02,12.17,11.96,12.14,11.6716,3252900
2013-04-22,11.99,12.19,11.92,12.03,11.565846,3182000
2013-04-23,12.1,12.24,11.96,12.21,11.738901,3306000
2013-04-24,12.2,12.53,12.2,12.51,12.027328,3423000
2013-04-25,12.59,13.02,12.58,12.94,12.440737,6879200
2013-04-26,13.35,13.4,12.41,12.51,12.027328,10907300
2013-04-29,12.46,12.6,12.25,12.57,12.08501,6787500
2013-04-30,12.44,12.58,12.35,12.5,12.017710000000001,3294800
2013-05-01,12.45,12.51,12.15,12.2,11.729287,4238100
2013-05-02,12.3,12.39,12.14,12.23,11.758128999999998,3734500
2013-05-03,12.41,12.75,12.23,12.37,11.89273,6290600
2013-05-06,12.47,12.92,12.45,12.85,12.354208,3652500
2013-05-07,12.9,13.1,12.88,13.07,12.565719999999999,4191700
2013-05-08,13.1,13.26,13.02,13.05,12.546491,5476600
2013-05-09,13.05,13.07,12.67,12.89,12.392664,4710200
2013-05-10,12.94,13.0,12.75,12.85,12.354208,3027800
2013-05-13,12.73,12.87,12.51,12.67,12.181152,3342900
2013-05-14,12.66,13.01,12.65,13.0,12.498422999999999,4612300
2013-05-15,12.99,13.48,12.96,13.45,12.931058,6421600
2013-05-16,13.47,13.91,13.45,13.78,13.248326,9761300
2013-05-17,13.96,14.96,13.91,14.74,14.171285000000001,13174900
2013-05-20,14.68,14.85,14.47,14.72,14.152060999999998,5211800
2013-05-21,14.71,14.87,14.52,14.8,14.228971,5056700
2013-05-22,14.85,14.94,14.28,14.5,13.940545000000002,6177700
2013-05-23,14.16,14.67,14.03,14.58,14.017458999999999,3920400
2013-05-24,14.48,14.62,14.28,14.55,13.988617999999999,3072900
2013-05-28,14.8,15.08,14.74,14.92,14.344341,6793300
2013-05-29,14.71,15.39,14.71,15.29,14.700066,6444000
2013-05-30,15.32,16.059998999999998,15.22,15.82,15.209616,10026100
2013-05-31,15.63,15.82,15.08,15.14,14.555852,18990600
2013-06-03,15.17,15.56,14.8,15.31,14.719294,5872000
2013-06-04,15.35,15.51,14.88,15.1,14.517397,4635000
2013-06-05,14.95,15.0,14.52,14.61,14.046301000000001,5379100
2013-06-06,14.59,14.91,14.46,14.65,14.084757000000002,4693800
2013-06-07,14.85,14.9,14.64,14.82,14.248199,2675900
2013-06-10,14.96,14.98,14.58,14.75,14.180902,2797100
2013-06-11,14.43,14.76,14.28,14.6,14.036689,3495500
2013-06-12,15.34,15.35,14.79,14.93,14.353956,8783700
2013-06-13,14.85,15.53,14.7,15.49,14.89235,5110500
2013-06-14,15.47,15.59,15.28,15.31,14.719294,3587700
2013-06-17,15.43,15.5,15.03,15.1,14.517397,3602000
2013-06-18,15.13,15.31,14.94,14.97,14.392412,3550800
2013-06-19,15.02,15.49,14.98,15.29,14.700066,5686000
2013-06-20,15.21,15.23,14.67,14.84,14.267429000000002,4716600
2013-06-21,14.9,15.0,14.51,14.94,14.363569,4643400
2013-06-24,14.72,14.84,13.9,14.25,13.700191,6173400
2013-06-25,14.39,14.77,14.33,14.71,14.142442,3590300
2013-06-26,14.84,14.95,14.71,14.91,14.334726999999999,2411800
2013-06-27,14.99,15.2,14.9,14.98,14.402026000000001,4596600
2013-06-28,14.92,15.47,14.81,15.3,14.709682,6640000
2013-07-01,15.25,15.6,15.25,15.49,14.89235,3159000
2013-07-02,15.4,15.66,15.29,15.44,14.844278,2682100
2013-07-03,15.25,15.44,15.16,15.38,14.786593,1465400
2013-07-05,15.48,15.9,15.46,15.86,15.248073000000002,2734900
2013-07-08,15.88,16.33,15.88,16.209999,15.584570000000001,5085800
2013-07-09,16.360001,16.58,16.209999,16.4,15.767238,3590100
2013-07-10,16.309998999999998,16.559998999999998,16.24,16.41,15.776851,3680900
2013-07-11,16.620001000000002,16.74,16.4,16.68,16.036434,3732000
2013-07-12,16.68,16.77,16.360001,16.6,15.959523,2956600
2013-07-15,16.68,16.790001,16.59,16.700001,16.055664,2550900
2013-07-16,16.799999,16.870001000000002,16.41,16.51,15.872991,3431000
2013-07-17,16.629998999999998,17.059998999999998,16.57,17.049999,16.392159,4827000
2013-07-18,17.059998999999998,17.639999,16.959999,17.299999,16.632510999999997,5396400
2013-07-19,17.370001000000002,17.370001000000002,17.09,17.23,16.565216,2132600
2013-07-22,17.209999,17.52,17.190001000000002,17.459999,16.786341,3114200
2013-07-23,17.43,17.440001000000002,16.870001000000002,17.16,16.497919,5174200
2013-07-24,17.24,17.299999,16.9,16.959999,16.305632,3835500
2013-07-25,16.83,16.879998999999998,16.49,16.75,16.103733,4865400
2013-07-26,16.57,16.879998999999998,16.51,16.780001000000002,16.132578,2462600
2013-07-29,16.75,17.07,16.68,17.040001,16.382544,3083200
2013-07-30,18.139999,19.6,18.049999,18.559998999999998,17.843899,14378800
2013-07-31,18.540001,18.959999,18.41,18.5,17.786213,11399800
2013-08-01,18.58,18.9,18.51,18.690001000000002,17.968884,4944100
2013-08-02,18.620001000000002,19.120001000000002,18.549999,19.02,18.286148,3770400
2013-08-05,19.040001,19.18,18.75,18.799999,18.07464,2875600
2013-08-06,18.75,19.129998999999998,18.65,19.040001,18.305376000000003,4199100
2013-08-07,18.92,18.92,18.33,18.799999,18.07464,4972000
2013-08-08,18.9,19.17,18.780001000000002,18.84,18.113096,3740300
2013-08-09,18.790001,19.15,18.75,19.049999,18.314992999999998,2222100
2013-08-12,18.85,19.42,18.82,19.379998999999998,18.632259,3101600
2013-08-13,19.360001,19.48,18.959999,19.209999,18.468817,4722900
2013-08-14,19.209999,19.75,19.17,19.25,18.507278,2782100
2013-08-15,19.08,19.08,18.639999,18.84,18.113096,3127700
2013-08-16,19.059998999999998,19.09,18.610001,18.719998999999998,17.997723,2675000
2013-08-19,18.74,18.75,18.280001000000002,18.41,17.69969,3207700
2013-08-20,18.440001000000002,18.870001000000002,18.309998999999998,18.83,18.103476999999998,4026200
2013-08-21,18.73,19.0,18.51,18.58,17.863121,2775300
2013-08-22,18.639999,18.950001,18.620001000000002,18.84,18.113096,1916200
2013-08-23,18.9,19.0,18.690001000000002,18.84,18.113096,2946000
2013-08-26,18.74,19.0,18.620001000000002,18.639999,17.920816000000002,2772300
2013-08-27,18.450001,19.26,18.290001,19.01,18.276532999999997,6745300
2013-08-28,19.0,19.84,18.84,19.84,19.074514,6337300
2013-08-29,19.9,20.459999,19.639999,20.309998999999998,19.526379000000002,7511000
2013-08-30,20.370001000000002,20.370001000000002,19.9,20.120001000000002,19.343706,3972100
2013-09-03,20.35,20.84,20.139999,20.280001000000002,19.497538,4247200
2013-09-04,20.32,20.85,20.17,20.76,19.959017000000003,3687500
2013-09-05,20.92,21.01,20.700001,20.77,19.968629999999997,3321300
2013-09-06,20.860001,21.0,20.43,20.790001,19.987858,2551500
2013-09-09,20.84,21.41,20.76,21.24,20.420498000000002,3926100
2013-09-10,21.469998999999998,22.280001000000002,21.24,21.969998999999998,21.122329999999998,6888500
2013-09-11,22.01,22.360001,21.92,22.1,21.247318,4328200
2013-09-12,22.02,22.15,21.65,21.77,20.930048,4537300
2013-09-13,21.85,21.91,21.41,21.82,20.978120999999998,3521400
2013-09-16,22.07,22.290001,21.73,21.82,20.978120999999998,4194000
2013-09-17,21.75,22.16,21.57,21.98,21.131945,3536200
2013-09-18,21.93,22.370001000000002,21.620001000000002,22.17,21.314615,3822800
2013-09-19,22.48,22.5,21.93,22.23,21.372298999999998,4253200
2013-09-20,23.07,23.129998999999998,22.110001,22.209999,21.353069,7406500
2013-09-23,22.200001,22.370001000000002,21.809998999999998,22.110001,21.256929,6130300
2013-09-24,22.23,22.99,22.040001,22.82,21.939532999999997,6783700
2013-09-25,22.83,23.24,22.719998999999998,22.98,22.093360999999998,5898800
2013-09-26,23.1,23.209999,22.51,22.6,21.728025,3992000
2013-09-27,22.43,22.75,22.309998999999998,22.459999,21.593420000000002,2372600
2013-09-30,22.27,22.610001,21.969998999999998,22.450001,21.583813,3286100
2013-10-01,22.5,23.26,22.42,23.25,22.352945000000002,4899000
2013-10-02,22.799999,23.4,22.75,23.27,22.372173,4074300
2013-10-03,23.139999,23.34,22.68,22.780001000000002,21.901079,4806400
2013-10-04,22.799999,23.110001,22.620001000000002,23.01,22.122206,4014600
2013-10-07,22.719998999999998,22.83,22.440001000000002,22.450001,21.583813,3483500
2013-10-08,22.440001000000002,22.719998999999998,21.559998999999998,21.85,21.00696,5244900
2013-10-09,21.889999,22.17,21.450001,22.030001000000002,21.180017000000003,4612800
2013-10-10,22.43,23.0,22.34,22.450001,21.583813,5090000
2013-10-11,22.4,22.67,22.379998999999998,22.639999,21.766479,3177900
2013-10-14,22.42,22.84,22.33,22.620001000000002,21.747255,3729000
2013-10-15,22.709999,22.83,22.200001,22.34,21.478054,3324600
2013-10-16,22.469998999999998,22.629998999999998,22.34,22.440001000000002,21.574196,3209300
2013-10-17,22.42,22.43,22.110001,22.35,21.487673,3612800
2013-10-18,22.49,22.75,22.360001,22.629998999999998,21.756864999999998,4098900
2013-10-21,21.879998999999998,22.200001,20.940001000000002,21.120001000000002,20.305126,12457100
2013-10-22,21.18,22.1,21.120001000000002,22.040001,21.189631,6554500
2013-10-23,21.860001,21.98,21.48,21.870001000000002,21.026192,4446200
2013-10-24,22.02,22.290001,21.860001,22.15,21.295386999999998,4012800
2013-10-25,22.190001000000002,22.290001,21.879998999999998,22.209999,21.353069,2988900
2013-10-28,22.1,22.389999,21.76,22.049999,21.199244,5876200
2013-10-29,21.08,21.59,19.84,20.76,19.959017000000003,16804400
2013-10-30,20.870001000000002,21.48,20.700001,21.42,20.643269,6563600
2013-10-31,21.440001000000002,21.450001,20.959999,20.969998999999998,20.209587,4126700
2013-11-01,21.120001000000002,21.34,20.66,20.860001,20.103579,4438800
2013-11-04,20.77,21.040001,20.76,20.84,20.084303,2616400
2013-11-05,20.860001,21.23,20.530001000000002,21.07,20.305962,3339200
2013-11-06,21.139999,21.190001000000002,20.549999,20.58,19.833729,4027900
2013-11-07,20.790001,20.99,20.459999,20.91,20.15176,5396600
2013-11-08,20.85,21.35,20.809998999999998,21.059998999999998,20.296326,3542900
2013-11-11,21.059998999999998,21.190001000000002,20.9,21.059998999999998,20.296326,2081000
2013-11-12,20.959999,21.139999,20.84,21.059998999999998,20.296326,2923900
2013-11-13,20.99,21.629998999999998,20.9,21.58,20.79747,3267600
2013-11-14,21.58,21.68,21.200001,21.33,20.556534,2522500
2013-11-15,21.58,21.690001000000002,21.200001,21.65,20.864932999999997,2700000
2013-11-18,21.540001,21.9,21.41,21.48,20.701099,2684400
2013-11-19,21.5,21.59,21.17,21.23,20.460161,2104800
2013-11-20,21.26,21.559998999999998,21.18,21.379998999999998,20.604717,2954200
2013-11-21,21.459999,21.84,21.389999,21.700001,20.913120000000003,2891300
2013-11-22,21.700001,21.799999,21.379998999999998,21.75,20.961308,2315100
2013-11-25,21.77,22.32,21.65,22.120001000000002,21.317885999999998,2967100
2013-11-26,22.059998999999998,22.200001,21.809998999999998,22.1,21.298614999999998,2991500
2013-11-27,21.98,22.459999,21.9,22.35,21.539551,2251100
2013-11-29,22.43,22.5,22.139999,22.26,21.452811999999998,1388900
2013-12-02,22.389999,22.65,22.049999,22.09,21.288973000000002,2761100
2013-12-03,22.07,22.09,21.27,21.43,20.652910000000002,3279900
2013-12-04,21.24,21.74,21.139999,21.290001,20.517984,2278000
2013-12-05,21.33,22.02,21.290001,21.99,21.192601999999997,8304400
2013-12-06,22.299999,22.57,22.07,22.559998999999998,21.74193,3185900
2013-12-09,22.610001,22.879998999999998,22.370001000000002,22.450001,21.635921,3051800
2013-12-10,22.41,22.690001000000002,22.299999,22.459999,21.645554999999998,2634700
2013-12-11,22.379998999999998,22.57,22.120001000000002,22.43,21.616648,2950100
2013-12-12,22.4,22.48,22.15,22.33,21.520269,2480700
2013-12-13,22.440001000000002,22.690001000000002,22.33,22.620001000000002,21.799761,1853100
2013-12-16,22.709999,22.950001,22.629998999999998,22.76,21.934683,1867500
2013-12-17,22.82,22.92,22.639999,22.719998999999998,21.89613,2473700
2013-12-18,22.82,22.82,22.0,22.59,21.770845,3133500
2013-12-19,22.540001,22.82,22.379998999999998,22.780001000000002,21.953957,2924100
2013-12-20,22.870001000000002,22.969998999999998,22.459999,22.93,22.098513,3618300
2013-12-23,23.08,23.379998999999998,23.0,23.34,22.49365,2102300
2013-12-24,23.379998999999998,23.629998999999998,23.219998999999998,23.620001000000002,22.7635,1094200
2013-12-26,23.629998999999998,23.870001000000002,23.450001,23.469998999999998,22.618935,1739100
2013-12-27,23.43,23.620001000000002,23.049999,23.540001,22.686398,1605900
2013-12-30,23.549999,23.67,23.110001,23.65,22.792404,1848300
2013-12-31,23.719998999999998,24.0,23.65,23.85,22.985153,2249300
2014-01-02,23.67,23.74,23.309998999999998,23.530001000000002,22.67676,2784600
2014-01-03,23.700001,23.73,23.15,23.370001000000002,22.522560000000002,1995500
2014-01-06,23.459999,23.950001,23.309998999999998,23.76,22.898418,5410400
2014-01-07,23.9,24.5,23.799999,24.049999,23.177902,4744600
2014-01-08,24.16,24.76,23.98,24.709999,23.813969,7129900
2014-01-09,24.98,25.870001000000002,24.799999,25.219998999999998,24.305475,9002700
2014-01-10,25.65,26.25,25.27,25.99,25.047556,6481500
2014-01-13,26.16,26.290001,25.219998999999998,25.33,24.411491,4607900
2014-01-14,25.440001000000002,25.620001000000002,25.200001,25.42,24.498228,4035400
2014-01-15,25.42,25.75,25.09,25.209999,24.295837,3473700
2014-01-16,25.280001000000002,25.299999,24.85,24.92,24.016356,3111700
2014-01-17,24.99,25.200001,24.48,24.530001000000002,23.640499,3730600
2014-01-21,24.84,24.889999,24.139999,24.18,23.30319,3682200
2014-01-22,24.33,24.49,24.030001000000002,24.42,23.534485,3062300
2014-01-23,24.299999,24.379998999999998,23.73,23.889999,23.023705,3129500
2014-01-24,23.709999,23.719998999999998,22.969998999999998,23.040001,22.204529,5968100
2014-01-27,22.959999,23.379998999999998,22.57,23.17,22.329811,4330300
2014-01-28,23.18,23.700001,23.07,23.379998999999998,22.532194,3277100
2014-01-29,23.01,23.440001000000002,22.790001,23.110001,22.319720999999998,3989800
2014-01-30,23.24,23.610001,23.110001,23.51,22.706042999999998,2902200
2014-01-31,23.209999,23.84,23.09,23.66,22.85091,3856400
2014-02-03,23.57,23.719998999999998,22.42,22.620001000000002,21.846479000000002,8186800
2014-02-04,22.629998999999998,22.940001000000002,22.41,22.91,22.12656,4190600
2014-02-05,22.77,22.9,22.33,22.860001,22.07827,4396200
2014-02-06,22.719998999999998,23.540001,22.65,23.23,22.435616,7112100
2014-02-07,23.379998999999998,23.6,23.07,23.530001000000002,22.725361,2741900
2014-02-10,23.57,23.74,23.290001,23.5,22.696381,3367000
2014-02-11,23.6,24.16,23.51,24.02,23.198605,4520400
2014-02-12,24.25,24.67,24.129998999999998,24.17,23.343472,8679300
2014-02-13,25.0,27.27,24.68,26.940001000000002,26.018751,16946100
2014-02-14,26.82,27.09,26.559998999999998,26.76,25.8449,7460100
2014-02-18,26.57,26.889999,26.360001,26.629998999999998,25.719348999999998,5216700
2014-02-19,26.459999,26.879998999999998,26.23,26.559998999999998,25.651739000000003,5016600
2014-02-20,26.700001,27.209999,26.559998999999998,26.65,25.738663,3897100
2014-02-21,26.709999,26.809998999999998,26.41,26.540001,25.632427,2478900
2014-02-24,26.809998999999998,26.879998999999998,26.25,26.440001000000002,25.535847,3276400
2014-02-25,26.790001,26.790001,26.299999,26.5,25.593794,2556800
2014-02-26,26.549999,26.709999,26.059998999999998,26.26,25.362,3965400
2014-02-27,26.25,26.780001000000002,26.110001,26.690001000000002,25.777298000000002,3768600
2014-02-28,26.85,27.110001,26.620001000000002,26.870001000000002,25.951143,6604500
2014-03-03,26.42,26.639999,26.059998999999998,26.639999,25.729012,3345200
2014-03-04,26.950001,27.68,26.790001,27.48,26.540278999999998,4797900
2014-03-05,27.41,27.639999,27.190001000000002,27.49,26.549940000000003,3392900
2014-03-06,27.549999,28.139999,27.48,28.120001000000002,27.158396000000003,7222600
2014-03-07,28.32,28.32,27.51,27.66,26.714125,3190600
2014-03-10,27.700001,27.950001,27.379998999999998,27.91,26.955576,2620300
2014-03-11,27.91,27.940001000000002,27.059998999999998,27.190001000000002,26.260203999999998,4554600
2014-03-12,27.07,27.299999,26.76,27.15,26.221566999999997,3556700
2014-03-13,27.33,27.41,26.48,26.709999,25.79661,2541100
2014-03-14,26.74,27.58,26.74,27.290001,26.356779,3097500
2014-03-17,27.48,27.780001000000002,27.209999,27.290001,26.356779,2117200
2014-03-18,27.35,27.76,27.309998999999998,27.700001,26.752762,2129000
2014-03-19,27.780001000000002,27.790001,27.18,27.309998999999998,26.376096999999998,3881000
2014-03-20,27.200001,27.379998999999998,26.93,27.24,26.308490999999997,2966200
2014-03-21,27.540001,27.57,26.9,26.92,25.999434,3563700
2014-03-24,26.91,27.110001,26.450001,26.469998999999998,25.564819,5708400
2014-03-25,26.639999,26.790001,25.92,26.129998999999998,25.236446,3257500
2014-03-26,26.25,26.34,25.25,25.25,24.386543,5607000
2014-03-27,25.190001000000002,25.77,24.950001,25.549999,24.676279,3641900
2014-03-28,25.58,26.23,25.5,25.940001000000002,25.052946,2380200
2014-03-31,26.379998999999998,26.76,26.040001,26.129998999999998,25.236446,5061400
2014-04-01,26.309998999999998,27.1,26.309998999999998,27.1,26.173277,3949900
2014-04-02,27.120001000000002,27.23,26.469998999999998,26.799999,25.883537,4073600
2014-04-03,26.709999,26.790001,25.67,26.0,25.110891,5722600
2014-04-04,26.129998999999998,26.41,25.219998999999998,25.559998999999998,24.685938,5446500
2014-04-07,25.450001,26.02,25.0,25.09,24.23201,6214900
2014-04-08,25.139999,25.6,24.67,25.26,24.396194,4629400
2014-04-09,25.18,26.370001000000002,25.18,26.139999,25.246105,4339600
2014-04-10,26.24,26.35,25.42,25.469998999999998,24.599018,4810600
2014-04-11,25.49,25.75,25.18,25.209999,24.34791,6398100
2014-04-14,25.49,25.74,25.08,25.530001000000002,24.656967,3132600
2014-04-15,25.700001,26.110001,25.290001,26.030001000000002,25.139868,4777100
2014-04-16,26.370001000000002,27.02,26.190001000000002,26.92,25.999434,6679200
2014-04-17,27.09,27.27,26.790001,27.0,26.076696,3661900
2014-04-21,26.780001000000002,27.360001,26.68,27.219998999999998,26.289171000000003,2534800
2014-04-22,27.09,27.41,27.02,27.110001,26.182938,3036300
2014-04-23,27.02,27.469998999999998,27.01,27.32,26.385748,2222400
2014-04-24,28.34,28.48,27.68,28.200001,27.235661999999998,5004700
2014-04-25,28.09,28.16,27.309998999999998,27.440001000000002,26.501652000000004,2962200
2014-04-28,27.75,27.83,26.719998999999998,27.209999,26.279515999999997,6142000
2014-04-29,25.299999,26.360001,24.75,25.110001,24.295977,15544200
2014-04-30,24.92,25.309998999999998,24.809998999999998,25.200001,24.383057,6906300
2014-05-01,25.280001000000002,25.780001000000002,25.0,25.459999,24.634624,4938300
2014-05-02,25.450001,25.719998999999998,25.200001,25.290001,24.470142000000003,3390600
2014-05-05,25.190001000000002,25.27,24.9,25.23,24.412083,3165400
2014-05-06,25.059998999999998,25.360001,24.73,24.75,23.947641,4849000
2014-05-07,24.82,24.860001,24.219998999999998,24.74,23.937965,4316300
2014-05-08,24.75,25.01,24.24,24.299999,23.512232,4067300
2014-05-09,24.290001,24.309998999999998,23.790001,23.91,23.134874,5997600
2014-05-12,24.07,24.379998999999998,24.01,24.309998999999998,23.521906,3033000
2014-05-13,24.280001000000002,24.93,24.110001,24.73,23.928289000000003,3494600
2014-05-14,24.559998999999998,24.9,24.16,24.27,23.483204,2689600
2014-05-15,24.190001000000002,24.809998999999998,23.82,24.790001,23.986349,6016600
2014-05-16,24.950001,25.01,24.450001,24.67,23.870239,3377700
2014-05-19,24.52,25.030001000000002,24.450001,24.950001,24.141161,2566800
2014-05-20,24.889999,24.98,24.299999,24.42,23.628344,2604700
2014-05-21,24.6,24.82,24.4,24.620001000000002,23.821861,1956100
2014-05-22,24.620001000000002,24.9,24.5,24.700001,23.899265,2342700
2014-05-23,24.67,25.639999,24.67,25.639999,24.808792,3993900
2014-05-27,25.74,26.5,25.67,26.299999,25.447395,4447800
2014-05-28,26.24,26.35,25.82,26.16,25.311932000000002,3563800
2014-05-29,26.27,26.65,25.360001,26.0,25.157122,4359500
2014-05-30,26.1,26.65,26.08,26.370001000000002,25.515123000000003,3927800
2014-06-02,26.379998999999998,26.540001,25.91,26.440001000000002,25.582859,3417700
2014-06-03,26.33,26.530001000000002,26.120001000000002,26.25,25.399014,3165300
2014-06-04,26.280001000000002,26.59,26.07,26.35,25.495773,2657900
2014-06-05,26.469998999999998,26.83,26.25,26.82,25.950537,3389400
2014-06-06,26.9,27.4,26.780001000000002,27.23,26.347241999999998,2721900
2014-06-09,27.1,27.25,26.76,26.84,25.969889000000002,3046300
2014-06-10,26.799999,26.93,26.389999,26.93,26.056973,2774900
2014-06-11,26.85,26.870001000000002,26.049999,26.17,25.321610999999997,3403600
2014-06-12,26.15,26.360001,25.52,25.73,24.895872,3782200
2014-06-13,25.790001,26.35,25.700001,26.24,25.389338000000002,2965700
2014-06-16,26.92,27.700001,26.85,27.26,26.376271999999997,5821100
2014-06-17,27.219998999999998,27.35,26.879998999999998,27.18,26.298868,3521900
2014-06-18,27.24,27.24,26.83,27.200001,26.318217999999998,2603000
2014-06-19,27.139999,27.35,26.92,27.33,26.444005999999998,2233400
2014-06-20,27.48,27.719998999999998,27.35,27.709999,26.811684000000003,5000900
2014-06-23,27.57,27.780001000000002,27.440001000000002,27.57,26.676221999999996,2332100
2014-06-24,27.389999,27.59,26.879998999999998,26.91,26.037622,2596400
2014-06-25,26.82,27.32,26.75,27.280001000000002,26.395628000000002,1902100
2014-06-26,27.299999,27.389999,26.940001000000002,27.309998999999998,26.424652000000002,1454700
2014-06-27,27.26,27.790001,27.16,27.75,26.850389,3955000
2014-06-30,27.73,27.889999,27.48,27.780001000000002,26.879416,2460700
2014-07-01,27.860001,28.139999,27.709999,27.860001,26.956821,3083100
2014-07-02,27.59,27.959999,27.57,27.83,26.927795,2341500
2014-07-03,27.83,28.040001,27.75,27.91,27.005201,1362000
2014-07-07,27.82,27.85,27.1,27.25,26.366596,2394200
2014-07-08,27.219998999999998,27.290001,26.65,26.93,26.056973,3059100
2014-07-09,27.1,27.84,27.1,27.74,26.840712,3888600
2014-07-10,27.299999,27.870001000000002,27.049999,27.629998999999998,26.73428,3797100
2014-07-11,27.76,27.879998999999998,27.57,27.700001,26.802008,2174800
2014-07-14,27.83,27.940001000000002,27.73,27.799999,26.898764,1892100
2014-07-15,27.02,28.049999,27.02,27.65,26.753629999999998,1736000
2014-07-16,27.9,28.139999,27.66,27.99,27.082607,3029300
2014-07-17,27.780001000000002,28.139999,27.450001,27.459999,26.569785999999997,2720900
2014-07-18,27.629998999999998,27.9,27.5,27.889999,26.985848999999998,1901300
2014-07-21,27.690001000000002,27.85,27.379998999999998,27.49,26.598817999999998,1921300
2014-07-22,27.74,28.620001000000002,27.73,28.200001,27.285801,4064400
2014-07-23,28.559998999999998,28.700001,28.030001000000002,28.43,27.508340999999998,2406800
2014-07-24,28.559998999999998,28.66,28.120001000000002,28.379998999999998,27.459963000000002,2561800
2014-07-25,28.219998999999998,28.450001,28.049999,28.219998999999998,27.305146999999998,1403900
2014-07-28,28.280001000000002,28.34,27.6,27.76,26.860064,2463800
2014-07-29,27.790001,28.059998999999998,27.629998999999998,27.65,26.753629999999998,3319900
2014-07-30,27.440001000000002,27.85,25.07,25.450001,24.678503,10017100
2014-07-31,25.25,25.940001000000002,24.950001,25.18,24.416687,5578000
2014-08-01,25.15,25.15,24.059998999999998,24.58,23.834875,6507000
2014-08-04,24.57,24.879998999999998,24.25,24.65,23.902754,3640200
2014-08-05,24.83,24.870001000000002,24.059998999999998,24.23,23.495483,5094100
2014-08-06,24.190001000000002,24.66,24.01,24.24,23.50518,3810700
2014-08-07,24.25,24.459999,23.889999,24.219998999999998,23.485785999999997,3559300
2014-08-08,24.379998999999998,24.870001000000002,24.33,24.77,24.019114000000002,2831400
2014-08-11,24.75,24.969998999999998,24.68,24.73,23.98033,3284900
2014-08-12,24.74,24.780001000000002,24.370001000000002,24.440001000000002,23.69912,1903500
2014-08-13,24.59,24.9,24.190001000000002,24.76,24.009417000000003,2757400
2014-08-14,24.700001,24.860001,24.57,24.82,24.067601999999997,1497500
2014-08-15,24.940001000000002,24.98,24.57,24.889999,24.135475,2467000
2014-08-18,24.99,25.65,24.799999,25.43,24.659107000000002,3155200
2014-08-19,25.469998999999998,25.91,25.379998999999998,25.6,24.823954,2906500
2014-08-20,25.58,25.6,25.33,25.459999,24.688198,1280300
2014-08-21,25.450001,25.540001,25.18,25.26,24.494260999999998,1561800
2014-08-22,25.190001000000002,25.25,24.93,25.07,24.31002,1948100
2014-08-25,25.27,25.360001,25.040001,25.15,24.387594,1553900
2014-08-26,25.26,25.48,25.049999,25.129998999999998,24.368204000000002,2319800
2014-08-27,25.24,25.68,25.200001,25.51,24.736683,2596500
2014-08-28,25.51,25.809998999999998,25.26,25.77,24.988802,3036700
2014-08-29,25.709999,26.09,25.68,25.969998999999998,25.182739,4582700
2014-09-02,25.9,26.23,25.690001000000002,25.73,24.950012,2894200
2014-09-03,25.83,25.91,25.629998999999998,25.879998999999998,25.095465,2216500
2014-09-04,25.959999,26.15,25.610001,25.809998999999998,25.027584,4304400
2014-09-05,25.629998999999998,25.77,25.09,25.190001000000002,24.426382,3720900
2014-09-08,25.17,25.379998999999998,24.85,25.0,24.242144,2706300
2014-09-09,25.0,25.07,24.709999,24.83,24.077297,3617700
2014-09-10,24.719998999999998,25.200001,24.719998999999998,24.99,24.232447,2958400
2014-09-11,24.799999,25.200001,24.790001,25.01,24.251839,1890600
2014-09-12,25.01,25.01,24.469998999999998,24.6,23.854269,3509300
2014-09-15,24.58,24.629998999999998,24.209999,24.27,23.534273000000002,2366300
2014-09-16,24.34,24.969998999999998,24.27,24.74,23.990028,3177300
2014-09-17,24.809998999999998,24.99,24.5,24.610001,23.863968,1649300
2014-09-18,24.77,24.84,24.5,24.51,23.766994,2520600
2014-09-19,24.66,24.66,23.84,23.91,23.185181,6927800
2014-09-22,23.9,24.049999,23.68,24.040001,23.311245,3763300
2014-09-23,23.9,23.92,23.4,23.610001,22.894285,3521800
2014-09-24,23.530001000000002,23.610001,23.059998999999998,23.389999,22.68095,5089800
2014-09-25,23.32,23.43,22.93,23.200001,22.49671,2947000
2014-09-26,23.200001,23.43,23.02,23.25,22.545195,2423000
2014-09-29,22.98,23.219998999999998,22.809998999999998,22.950001,22.254288,2677400
2014-09-30,22.91,22.950001,22.32,22.59,21.905203,3903400
2014-10-01,22.48,22.58,21.959999,22.110001,21.439754,4888500
2014-10-02,22.040001,22.57,21.719998999999998,22.34,21.662781,4624500
2014-10-03,22.49,22.6,22.200001,22.34,21.662781,3943500
2014-10-06,22.5,22.790001,22.24,22.27,21.5949,3048100
2014-10-07,22.139999,22.23,21.68,21.85,21.187635,5468900
2014-10-08,21.780001000000002,22.059998999999998,21.24,21.950001,21.284603,5099800
2014-10-09,21.870001000000002,21.889999,20.860001,20.92,20.285822,8311700
2014-10-10,20.870001000000002,21.0,20.059998999999998,20.17,19.558560999999997,6328600
2014-10-13,20.219998999999998,20.57,19.58,19.629998999999998,19.034931,6665300
2014-10-14,19.620001000000002,20.16,19.620001000000002,20.040001,19.432505,6882300
2014-10-15,19.83,19.98,18.870001000000002,19.889999,19.28705,7839300
2014-10-16,19.41,20.4,19.379998999999998,19.98,19.374323,6257800
2014-10-17,20.280001000000002,20.75,20.09,20.209999,19.597348999999998,4839500
2014-10-20,20.120001000000002,20.67,20.120001000000002,20.41,19.791285000000002,3812100
2014-10-21,20.459999,21.23,20.459999,21.02,20.382793,3779000
2014-10-22,21.120001000000002,21.42,20.76,20.780001000000002,20.15007,6914700
2014-10-23,20.969998999999998,21.17,20.51,20.969998999999998,20.334309,4210200
2014-10-24,21.040001,21.07,20.66,20.809998999999998,20.179160999999997,2714400
2014-10-27,20.68,20.799999,20.23,20.610001,19.985226,2994900
2014-10-28,20.799999,22.030001000000002,20.58,21.91,21.245817000000002,12463400
2014-10-29,23.370001000000002,24.049999,22.57,23.030001000000002,22.393182999999997,14080200
2014-10-30,23.01,23.82,22.860001,23.540001,22.889082000000002,5445600
2014-10-31,24.0,24.33,23.77,24.23,23.560003,6606500
2014-11-03,24.280001000000002,24.799999,24.25,24.51,23.832262,5139000
2014-11-04,24.35,24.48,23.77,23.98,23.316917,4933100
2014-11-05,24.25,24.77,24.1,24.43,23.754475,4811400
2014-11-06,24.540001,25.35,24.5,25.15,24.454567,6928500
2014-11-07,25.1,25.440001000000002,25.01,25.15,24.454567,4269300
2014-11-10,25.25,25.370001000000002,24.93,25.33,24.629587,3186400
2014-11-11,25.32,25.540001,25.120001000000002,25.27,24.571247,2501300
2014-11-12,25.18,25.34,25.030001000000002,25.120001000000002,24.425394,3037000
2014-11-13,25.18,25.5,25.120001000000002,25.43,24.726822,3536100
2014-11-14,25.18,25.639999,25.139999,25.620001000000002,24.911572,2742100
2014-11-17,25.59,25.98,25.32,25.34,24.639307000000002,3816000
2014-11-18,25.299999,25.940001000000002,25.299999,25.73,25.01853,3373400
2014-11-19,25.940001000000002,26.030001000000002,25.540001,25.98,25.261616,3658700
2014-11-20,25.66,26.24,25.65,26.200001,25.475531,2529400
2014-11-21,26.5,26.74,26.309998999999998,26.48,25.747784,3098000
2014-11-24,26.540001,26.870001000000002,26.35,26.540001,25.806131,3283700
2014-11-25,27.129998999999998,27.4,26.43,26.66,25.922810000000002,6022300
2014-11-26,26.59,26.940001000000002,26.540001,26.870001000000002,26.127005,3546000
2014-11-28,27.07,27.549999,27.030001000000002,27.41,26.652072999999998,2875700
2014-12-01,27.209999,27.530001000000002,26.719998999999998,26.91,26.165899,4213300
2014-12-02,26.9,27.82,26.799999,27.24,26.486774,4338900
2014-12-03,27.280001000000002,27.889999,27.219998999999998,27.469998999999998,26.710415,3758300
2014-12-04,27.219998999999998,27.57,27.1,27.35,26.593731,2150800
2014-12-05,27.23,27.74,27.23,27.58,26.817369,2471000
2014-12-08,27.43,27.450001,26.690001000000002,26.83,26.088106,3193200
2014-12-09,26.549999,27.15,26.09,27.110001,26.360369,2427700
2014-12-10,26.91,27.379998999999998,26.860001,26.93,26.185345,2940400
2014-12-11,27.200001,27.5,27.0,27.1,26.350642999999998,4366700
2014-12-12,26.809998999999998,27.1,26.440001000000002,26.49,25.757513,2504400
2014-12-15,26.65,26.9,26.4,26.6,25.864470999999998,5336100
2014-12-16,26.4,27.200001,26.26,26.51,25.776958,3560300
2014-12-17,26.75,27.32,26.52,27.23,26.477045,2941300
2014-12-18,27.59,27.799999,27.360001,27.76,26.992395000000002,3835000
2014-12-19,27.870001000000002,28.32,27.690001000000002,28.08,27.303545,7215300
2014-12-22,28.24,28.360001,28.07,28.1,27.322989,2753200
2014-12-23,28.25,28.77,28.1,28.27,27.488293,3318900
2014-12-24,28.35,28.42,28.07,28.219998999999998,27.439674,1136900
2014-12-26,28.33,28.610001,28.33,28.389999,27.604975,1196000
2014-12-29,28.32,28.77,28.26,28.66,27.867506,1951500
2014-12-30,28.48,28.73,28.360001,28.5,27.711933000000002,2281000
2014-12-31,28.629998999999998,28.860001,28.469998999999998,28.57,27.779993,2243000
2015-01-02,28.620001000000002,28.790001,27.77,28.34,27.556358000000003,2781400
2015-01-05,28.129998999999998,28.24,27.370001000000002,27.709999,26.943779,3584000
2015-01-06,28.139999,28.17,27.370001000000002,27.780001000000002,27.011840999999997,5554500
2015-01-07,28.129998999999998,28.4,27.969998999999998,28.129998999999998,27.352158000000003,3515700
2015-01-08,28.42,28.98,28.35,28.58,27.789721000000004,5743900
2015-01-09,28.620001000000002,28.84,28.23,28.26,27.478565000000003,2397500
2015-01-12,28.389999,28.389999,27.91,28.040001,27.264653999999997,2539000
2015-01-13,27.49,27.51,25.790001,26.049999,25.329676,11498200
2015-01-14,25.610001,25.719998999999998,24.74,25.43,24.726822,8578300
2015-01-15,25.48,25.610001,24.530001000000002,24.559998999999998,23.880878,5606400
2015-01-16,24.59,24.879998999999998,24.200001,24.83,24.143414,4811100
2015-01-20,24.85,25.0,24.5,24.91,24.221203,3205200
2015-01-21,24.860001,25.709999,24.75,25.57,24.862951000000002,5009400
2015-01-22,26.030001000000002,26.34,25.77,25.940001000000002,25.222719,3568400
2015-01-23,25.889999,25.99,25.41,25.440001000000002,24.736547,2268800
2015-01-26,25.49,26.0,25.360001,25.950001,25.232445000000002,2744200
2015-01-27,25.629998999999998,25.700001,25.209999,25.280001000000002,24.580969,2695200
2015-01-28,24.719998999999998,25.049999,23.879998999999998,23.969998999999998,23.307194,6182100
2015-01-29,23.879998999999998,24.74,23.74,24.639999,24.018789,4448900
2015-01-30,24.450001,24.52,24.15,24.24,23.628872,3913700
2015-02-02,24.370001000000002,24.48,24.02,24.42,23.804333,4228300
2015-02-03,24.65,25.200001,24.57,24.639999,24.018789,5448200
2015-02-04,24.629998999999998,25.139999,24.530001000000002,24.950001,24.320974,4371300
2015-02-05,25.08,25.190001000000002,24.93,24.98,24.350217999999998,3148500
2015-02-06,24.98,25.629998999999998,24.98,25.4,24.759624,2667400
2015-02-09,25.379998999999998,25.790001,25.23,25.690001000000002,25.04232,2921800
2015-02-10,25.950001,25.969998999999998,25.51,25.68,25.032572000000002,2557600
2015-02-11,25.74,26.35,25.700001,26.0,25.344503,4545400
2015-02-12,26.120001000000002,26.33,26.030001000000002,26.209999,25.549210000000002,2704700
2015-02-13,26.25,26.370001000000002,25.879998999999998,25.91,25.256773000000003,4375800
2015-02-17,26.799999,27.219998999999998,26.15,26.620001000000002,25.948872,9232100
2015-02-18,26.639999,27.42,26.559998999999998,27.389999,26.699457000000002,5030700
2015-02-19,27.32,27.65,27.25,27.34,26.650719,2840800
2015-02-20,27.23,27.77,26.799999,27.690001000000002,26.991894,3689200
2015-02-23,27.58,27.75,27.059998999999998,27.16,26.475252,3485000
2015-02-24,26.98,27.469998999999998,26.879998999999998,27.129998999999998,26.446012,3769700
2015-02-25,27.139999,27.280001000000002,26.959999,27.129998999999998,26.446012,2302300
2015-02-26,27.16,27.57,27.129998999999998,27.35,26.660463,2291100
2015-02-27,27.35,27.440001000000002,26.700001,26.73,26.056095000000003,3976900
2015-03-02,26.75,27.41,26.75,27.200001,26.514246000000004,4063900
2015-03-03,27.139999,27.32,26.75,27.07,26.387526,3279500
2015-03-04,26.99,27.02,26.42,26.57,25.900131,2808500
2015-03-05,26.639999,26.67,26.030001000000002,26.209999,25.549210000000002,2785800
2015-03-06,26.0,26.120001000000002,25.780001000000002,25.879998999999998,25.227526,2636800
2015-03-09,26.0,26.07,25.799999,25.969998999999998,25.315258,2274700
2015-03-10,25.73,25.82,25.32,25.370001000000002,24.730387,2512700
2015-03-11,25.209999,25.4,24.92,25.07,24.43795,2700700
2015-03-12,25.16,25.74,25.110001,25.469998999999998,24.827864,2513700
2015-03-13,25.34,25.620001000000002,25.02,25.24,24.603662,2331700
2015-03-16,25.43,25.57,25.190001000000002,25.309998999999998,24.671898000000002,1631200
2015-03-17,25.1,25.23,24.950001,25.059998999999998,24.428196,1951900
2015-03-18,25.129998999999998,26.23,24.9,26.049999,25.393242,4738100
2015-03-19,25.870001000000002,25.870001000000002,25.15,25.18,24.545177,3335500
2015-03-20,25.34,25.76,25.34,25.66,25.013077,3921900
2015-03-23,25.68,26.370001000000002,25.6,26.129998999999998,25.471222,3382200
2015-03-24,26.200001,26.370001000000002,25.91,26.370001000000002,25.705173000000002,2116100
2015-03-25,26.6,26.6,25.860001,25.969998999999998,25.315258,2945500
2015-03-26,25.76,26.25,25.6,26.15,25.490719,2560000
2015-03-27,25.459999,26.370001000000002,25.459999,26.290001,25.627188,2003000
2015-03-30,26.5,26.870001000000002,26.34,26.790001,26.114584,2182800
2015-03-31,26.530001000000002,27.129998999999998,26.360001,27.08,26.397271999999997,2696100
2015-04-01,26.860001,26.889999,26.379998999999998,26.75,26.075594,3176600
2015-04-02,26.780001000000002,27.07,26.690001000000002,26.82,26.143829,1487500
2015-04-06,26.73,27.48,26.610001,27.309998999999998,26.621472999999998,2473700
2015-04-07,27.32,27.33,26.889999,27.0,26.319294,2206700
2015-04-08,27.08,27.639999,26.99,27.43,26.738449,3037200
2015-04-09,27.280001000000002,27.719998999999998,27.280001000000002,27.620001000000002,26.923662,2514100
2015-04-10,27.629998999999998,27.75,27.389999,27.709999,27.011392999999998,1761300
2015-04-13,27.58,27.709999,27.370001000000002,27.43,26.738449,1990900
2015-04-14,27.42,27.42,26.92,27.16,26.475252,2670800
2015-04-15,27.23,27.43,27.129998999999998,27.26,26.572737,2112500
2015-04-16,27.17,27.33,26.99,27.059998999999998,26.377777000000002,2289200
2015-04-17,26.889999,27.309998999999998,26.59,27.23,26.543492999999998,3845900
2015-04-20,27.35,27.620001000000002,27.190001000000002,27.5,26.806681,3089000
2015-04-21,27.58,27.940001000000002,27.379998999999998,27.73,27.030888,3296200
2015-04-22,27.780001000000002,27.860001,27.43,27.65,26.952902,3460300
2015-04-23,27.629998999999998,27.889999,27.33,27.74,27.040634000000004,2191400
2015-04-24,27.85,27.870001000000002,27.42,27.74,27.040634000000004,2292900
2015-04-27,27.74,27.940001000000002,27.450001,27.6,26.904163,3209300
2015-04-28,27.42,27.59,26.92,27.209999,26.523994000000002,5695000
2015-04-29,27.969998999999998,29.07,27.950001,28.34,27.686556,8287300
2015-04-30,28.07,28.85,27.99,28.370001000000002,27.715864,5226800
2015-05-01,28.6,28.610001,27.67,28.4,27.745172999999998,5320000
2015-05-04,28.379998999999998,28.49,28.190001000000002,28.34,27.686556,3581300
2015-05-05,28.25,28.450001,27.85,27.959999,27.315319,4083500
2015-05-06,27.99,28.030001000000002,27.6,27.98,27.33486,3907700
2015-05-07,27.879998999999998,28.860001,27.83,28.790001,28.126181,5238000
2015-05-08,29.07,29.5,28.870001000000002,29.43,28.751427000000003,4593400
2015-05-11,29.440001000000002,29.950001,29.43,29.77,29.083588,6242800
2015-05-12,29.67,29.75,29.450001,29.59,28.907738000000002,2807500
2015-05-13,29.809998999999998,30.66,29.66,30.379998999999998,29.67952,7812500
2015-05-14,30.559998999999998,30.870001000000002,30.299999,30.860001,30.148453000000003,4487400
2015-05-15,30.879998999999998,30.969998999999998,30.59,30.85,30.138685,2906000
2015-05-18,30.82,31.66,30.799999,31.24,30.519690999999998,4527400
2015-05-19,31.25,31.309998999999998,30.940001000000002,31.209999,30.490381,2111700
2015-05-20,31.360001,31.360001,30.889999,31.26,30.539232000000002,3820300
2015-05-21,31.27,31.98,31.24,31.889999,31.154703,3938600
2015-05-22,31.9,32.150002,31.690001000000002,31.74,31.008163,3510000
2015-05-26,31.65,32.040001000000004,31.4,31.99,31.252398,3795500
2015-05-27,31.940001000000002,32.349998,31.860001,32.240002000000004,31.496639000000002,3933400
2015-05-28,32.200001,32.509997999999996,31.860001,32.029999,31.291475,3035300
2015-05-29,32.07,32.16,31.59,31.85,31.115627000000003,13751200
2015-06-01,31.99,32.740002000000004,31.9,32.41,31.662717999999998,4989000
2015-06-02,32.369999,32.509997999999996,32.029999,32.220001,31.477097999999998,2886500
2015-06-03,32.279999,32.509997999999996,32.049999,32.09,31.350096,2488800
2015-06-04,32.040001000000004,32.169998,31.26,31.389999,30.666231,4738800
2015-06-05,31.379998999999998,31.49,31.01,31.32,30.597846999999998,5252500
2015-06-08,31.379998999999998,31.6,31.01,31.040001,30.324305,3329600
2015-06-09,31.26,31.559998999999998,30.940001000000002,31.5,30.773701000000003,2998500
2015-06-10,30.940001000000002,31.9,30.9,31.389999,30.666231,4043000
2015-06-11,31.389999,31.75,31.299999,31.41,30.68577,2859900
2015-06-12,31.24,31.639999,31.18,31.49,30.763926,3080600
2015-06-15,31.290001,31.290001,30.58,31.01,30.294998,3772000
2015-06-16,31.0,31.09,30.709999,31.030001000000002,30.314536999999998,1818700
2015-06-17,31.120001000000002,31.370001000000002,30.77,31.049999,30.334071999999995,1781100
2015-06-18,31.17,31.34,30.889999,31.01,30.294998,2927800
2015-06-19,31.01,31.43,30.93,31.209999,30.490381,2979300
2015-06-22,31.290001,31.389999,31.08,31.18,30.461075,2109500
2015-06-23,31.15,31.469998999999998,31.139999,31.41,30.68577,1851300
2015-06-24,31.469998999999998,31.940001000000002,31.139999,31.33,30.607615999999997,2458300
2015-06-25,31.440001000000002,31.5,31.209999,31.23,30.50992,1884500
2015-06-26,31.34,31.469998999999998,31.18,31.4,30.676003,8074600
2015-06-29,30.969998999999998,31.0,29.43,29.639999,28.956583000000002,5633900
2015-06-30,29.950001,30.32,29.780001000000002,30.15,29.454822999999998,3709300
2015-07-01,30.26,30.549999,30.059998999999998,30.450001,29.747909999999997,2702300
2015-07-02,30.59,30.75,30.07,30.290001,29.5916,1948400
2015-07-06,30.01,30.440001000000002,29.809998999999998,30.040001,29.347361,3009000
2015-07-07,30.1,30.15,29.209999,30.01,29.318052,3200500
2015-07-08,29.700001,29.77,29.049999,29.209999,28.536496999999997,4088500
2015-07-09,29.68,29.799999,28.629998999999998,28.91,28.243414,5138100
2015-07-10,29.299999,29.309998999999998,28.82,28.99,28.321569,2997400
2015-07-13,29.16,29.450001,28.780001000000002,29.41,28.731884,3897200
2015-07-14,29.5,30.34,29.41,30.290001,29.5916,3645100
2015-07-15,30.200001,30.280001000000002,29.65,29.77,29.083588,2777000
2015-07-16,30.09,30.459999,29.790001,30.389999,29.689293,4491500
2015-07-17,30.379998999999998,30.74,30.299999,30.5,29.796754999999997,3901500
2015-07-20,30.540001,30.6,29.959999,30.040001,29.347361,2309700
2015-07-21,30.040001,30.23,29.860001,30.16,29.464594,1995700
2015-07-22,30.120001000000002,30.389999,30.0,30.139999,29.445055,1738100
2015-07-23,30.17,30.32,29.92,30.0,29.308281,2393300
2015-07-24,30.08,30.08,29.120001000000002,29.27,28.595115999999997,2957400
2015-07-27,29.15,29.4,28.58,29.02,28.350878,4560200
2015-07-28,29.139999,29.639999,28.74,29.58,28.897965999999997,6817000
2015-07-29,30.389999,32.200001,29.309998999999998,29.77,29.142698,8178800
2015-07-30,29.51,30.059998999999998,29.51,29.75,29.123116999999997,3643000
2015-07-31,29.92,30.17,29.58,30.129998999999998,29.495115000000002,2666100
2015-08-03,30.389999,30.469998999999998,29.9,30.200001,29.563639000000002,2389500
2015-08-04,30.309998999999998,31.01,30.27,30.77,30.121628,3749200
2015-08-05,31.09,31.299999,30.9,31.01,30.356572999999997,2691500
2015-08-06,31.059998999999998,31.469998999999998,30.290001,30.74,30.092259999999996,3787300
2015-08-07,30.77,31.15,30.66,30.889999,30.239098,2842300
2015-08-10,31.280001000000002,32.0,31.09,31.84,31.169081,2701200
2015-08-11,31.58,31.58,30.709999,31.219998999999998,30.562145,2924700
2015-08-12,30.85,31.42,30.389999,31.379998999999998,30.718773,4992300
2015-08-13,31.34,32.099998,31.23,31.879998999999998,31.208237,3033500
2015-08-14,31.82,32.48,31.799999,32.310001,31.629178999999997,2841700
2015-08-17,32.169998,32.599998,31.99,32.580002,31.893490000000003,2307000
2015-08-18,32.5,32.950001,32.5,32.66,31.9718,3193600
2015-08-19,32.369999,32.59,31.700001,32.220001,31.541075,4169500
2015-08-20,31.780001000000002,31.92,31.08,31.139999,30.483833,3343500
2015-08-21,30.809998999999998,30.860001,29.280001000000002,29.280001000000002,28.663023,4888900
2015-08-24,27.15,29.25,25.5,28.09,27.498098,5918900
2015-08-25,28.879998999999998,29.34,27.82,27.83,27.243578000000003,4495100
2015-08-26,28.629998999999998,29.0,27.52,28.48,27.879881,4514100
2015-08-27,28.85,29.16,28.18,28.940001000000002,28.330189,5985400
2015-08-28,28.700001,29.639999,28.57,29.52,28.897965999999997,2801200
2015-08-31,29.4,30.18,29.299999,29.77,29.142698,3436500
2015-09-01,29.01,29.440001000000002,28.459999,28.67,28.06588,3074500
2015-09-02,29.200001,29.389999,28.709999,29.299999,28.682602000000003,3015700
2015-09-03,29.379998999999998,30.09,29.110001,29.700001,29.074175,2855700
2015-09-04,29.33,29.440001000000002,28.92,29.219998999999998,28.604288,2106800
2015-09-08,29.93,30.280001000000002,29.700001,30.09,29.455956,2942800
2015-09-09,30.370001000000002,30.629998999999998,29.82,29.889999,29.260171999999997,3297100
2015-09-10,29.73,30.18,29.6,29.92,29.289537,3132300
2015-09-11,29.77,29.85,29.030001000000002,29.58,28.956703000000005,2794000
2015-09-14,29.6,29.68,29.110001,29.309998999999998,28.692394,2512500
2015-09-15,29.469998999999998,29.790001,29.0,29.639999,29.015438,3364700
2015-09-16,29.639999,30.950001,29.459999,30.9,30.248886,3745400
2015-09-17,30.799999,31.620001000000002,30.66,31.1,30.444675,3008600
2015-09-18,30.709999,30.790001,30.25,30.459999,29.818159,3759000
2015-09-21,30.459999,30.98,30.209999,30.68,30.033521999999998,1949700
2015-09-22,30.120001000000002,30.34,29.24,29.559998999999998,28.93712,3745000
2015-09-23,29.559998999999998,29.66,29.02,29.57,28.946915,3046300
2015-09-24,29.280001000000002,29.389999,28.34,29.190001000000002,28.574921000000003,2869100
2015-09-25,29.459999,29.98,29.26,29.73,29.103539,3450000
2015-09-28,29.48,29.75,28.290001,28.370001000000002,27.772202000000004,3178900
2015-09-29,28.1,28.67,27.99,28.32,27.723254999999998,2881500
2015-09-30,28.700001,29.450001,28.59,29.33,28.711972999999997,3945400
2015-10-01,29.58,29.889999,28.870001000000002,29.42,28.800076,3672300
2015-10-02,28.82,29.389999,28.610001,29.23,28.614078999999997,3157100
2015-10-05,29.42,30.309998999999998,29.27,30.23,29.593003999999997,2985500
2015-10-06,30.040001,30.629998999999998,29.68,30.389999,29.749632000000002,3132800
2015-10-07,30.6,31.530001000000002,30.51,31.23,30.571934000000002,3504400
2015-10-08,31.07,31.959999,31.07,31.82,31.149503999999997,2819700
2015-10-09,31.9,32.290001000000004,31.75,31.879998999999998,31.208237,2309600
2015-10-12,31.959999,32.200001,31.74,31.780001000000002,31.110348,2193400
2015-10-13,31.620001000000002,32.279999,31.5,31.65,30.983086,2704500
2015-10-14,31.75,32.09,31.639999,32.0,31.325708000000002,3935400
2015-10-15,32.029999,32.400002,31.77,32.369999,31.687912,2631100
2015-10-16,32.389998999999996,32.720001,31.92,32.68,31.991379,2375500
2015-10-19,32.580002,32.619999,32.119999,32.299999,31.619387,2169800
2015-10-20,31.299999,32.709998999999996,31.129998999999998,32.580002,31.893490000000003,2577300
2015-10-21,32.5,33.02,32.41,32.490002000000004,31.805387,2682600
2015-10-22,32.810001,32.91,32.330002,32.57,31.883696,2625500
2015-10-23,32.830002,33.220001,32.810001,32.970001,32.275271999999994,3381500
2015-10-26,33.040001000000004,33.25,32.84,33.130001,32.4319,2235800
2015-10-27,32.799999,33.169998,32.360001000000004,32.470001,31.785809000000004,3638100
2015-10-28,32.549999,33.419998,31.969998999999998,33.400002,32.696213,5293500
2015-10-29,33.32,33.349998,30.530001000000002,31.790001,31.185495,6483200
2015-10-30,31.790001,33.419998,31.52,32.84,32.21553,4523200
2015-11-02,32.84,33.75,32.84,33.490002000000004,32.853168,5132400
2015-11-03,33.560001,33.75,33.09,33.27,32.637352,2896000
2015-11-04,33.389998999999996,33.599998,32.810001,32.91,32.284195000000004,2949000
2015-11-05,32.919998,33.16,32.650002,32.709998999999996,32.088001,2557200
2015-11-06,32.759997999999996,33.18,32.549999,32.98,32.352866999999996,2593500
2015-11-09,33.049999,33.139998999999996,32.43,32.549999,31.931040000000003,2338100
2015-11-10,32.639998999999996,32.700001,31.83,32.439999,31.823133000000002,3130400
2015-11-11,32.57,33.040001000000004,32.360001000000004,32.77,32.146862,2489500
2015-11-12,32.57,32.970001,32.220001,32.25,31.636746999999996,2358600
2015-11-13,32.310001,32.650002,31.719998999999998,31.889999,31.283590000000004,3355400
2015-11-16,31.77,32.349998,31.77,32.310001,31.695604,2632600
2015-11-17,32.48,33.490002000000004,32.349998,32.490002000000004,31.872187,3694800
2015-11-18,32.68,33.509997999999996,32.419998,33.450001,32.813931,3972300
2015-11-19,33.34,34.009997999999996,33.34,33.810001,33.16708,2974100
2015-11-20,33.93,34.349998,33.790001000000004,34.25,33.598713000000004,3330600
2015-11-23,34.099998,34.639998999999996,33.970001,34.080002,33.431961,2606700
2015-11-24,33.98,34.52,33.84,34.470001,33.814533000000004,2061200
2015-11-25,34.450001,34.849998,34.369999,34.619999,33.961681,1589000
2015-11-27,34.639998999999996,34.970001,34.43,34.810001,34.148064,1023300
2015-11-30,34.900002,35.040001000000004,34.720001,34.880001,34.216736,2224600
2015-12-01,34.880001,35.139998999999996,34.82,35.0,34.33445,2913200
2015-12-02,35.119999,35.299999,34.59,34.849998,34.187305,3313100
2015-12-03,34.830002,35.0,34.34,34.52,33.863583,2778600
2015-12-04,34.52,35.02,34.369999,34.880001,34.216736,2328700
2015-12-07,34.849998,35.09,34.169998,34.34,33.687003999999995,2302600
2015-12-08,34.040001000000004,34.360001000000004,33.650002,34.27,33.618332,1966200
2015-12-09,34.130001,34.610001000000004,33.259997999999996,33.490002000000004,32.853168,2949500
2015-12-10,33.150002,34.189999,33.049999,33.41,32.774689,2430100
2015-12-11,33.150002,33.150002,32.080002,32.16,31.548458,3910200
2015-12-14,32.290001000000004,32.299999,31.16,31.780001000000002,31.175684000000004,4176600
2015-12-15,32.189999,32.98,32.0,32.73,32.107616,3794200
2015-12-16,32.990002000000004,33.41,32.66,33.330002,32.696213,2718900
2015-12-17,33.200001,33.509997999999996,32.400002,32.5,31.881996,2067300
2015-12-18,32.470001,32.59,31.83,31.870001000000002,31.263975,8378200
2015-12-21,32.099998,32.34,31.67,31.879998999999998,31.273783,2184000
2015-12-22,32.130001,32.310001,31.57,32.290001000000004,31.675983000000002,2752600
2015-12-23,32.549999,33.16,32.380001,33.0,32.372486,2385600
2015-12-24,32.98,33.25,32.650002,32.799999,32.176281,852800
2015-12-28,32.66,32.790001000000004,32.299999,32.73,32.107616,1332400
2015-12-29,32.889998999999996,33.43,32.880001,33.259997999999996,32.627537,1657000
2015-12-30,33.240002000000004,33.470001,33.07,33.310001,32.676594,1576800
2015-12-31,33.169998,33.23,32.560001,32.669998,32.048759000000004,2095400
2016-01-04,32.009997999999996,32.389998999999996,31.040001,32.009997999999996,31.401308,3940700
2016-01-05,31.969998999999998,32.02,30.65,30.700001,30.116221999999997,4884000
2016-01-06,30.190001000000002,30.440001000000002,29.76,30.35,29.772877,4748500
2016-01-07,29.530001000000002,29.76,28.559998999999998,28.709999,28.164061,4364500
2016-01-08,29.01,29.17,28.030001000000002,28.139999,27.604902000000003,4578400
2016-01-11,28.389999,28.719998999999998,27.950001,28.59,28.046340999999998,4755600
2016-01-12,29.16,29.59,28.15,29.120001000000002,28.566265,5360800
2016-01-13,29.280001000000002,29.440001000000002,27.48,27.690001000000002,27.163459999999997,6345800
2016-01-14,27.709999,28.790001,26.68,28.41,27.869766,5435200
2016-01-15,27.48,27.75,27.01,27.549999,27.026119,4200400
2016-01-19,28.049999,28.129998999999998,27.030001000000002,27.57,27.045738,4269200
2016-01-20,26.969998999999998,28.440001000000002,26.469998999999998,27.93,27.398893,5274000
2016-01-21,28.040001,28.65,27.629998999999998,27.92,27.389086,4271800
2016-01-22,28.559998999999998,29.5,27.83,28.49,27.948244,5837700
2016-01-25,28.33,28.42,27.459999,27.809998999999998,27.281176000000002,2963500
2016-01-26,28.02,29.09,27.82,28.790001,28.24254,3579800
2016-01-27,28.67,29.719998999999998,28.389999,28.549999,28.007103000000004,3733500
2016-01-28,29.08,29.389999,27.709999,27.76,27.299061,4341100
2016-01-29,27.860001,28.59,27.620001000000002,28.41,27.938269000000002,5763000
2016-02-01,28.26,29.15,27.83,28.959999,28.479134000000002,4894700
2016-02-02,28.66,28.85,28.25,28.459999,27.987438,3717000
2016-02-03,28.700001,28.83,26.629998999999998,27.91,27.446568,5353200
2016-02-04,27.950001,28.290001,27.4,27.610001,27.151552000000002,5489600
2016-02-05,27.6,28.33,27.120001000000002,27.190001000000002,26.738521999999996,4327400
2016-02-08,26.9,27.059998999999998,26.07,26.34,25.902637,7774100
2016-02-09,27.23,28.68,26.32,27.450001,26.994207,8193200
2016-02-10,28.200001,29.370001000000002,28.07,28.58,28.105442,7167500
2016-02-11,27.98,29.08,27.700001,28.610001,28.134949,4447400
2016-02-12,29.129998999999998,30.120001000000002,28.65,29.690001000000002,29.197014000000003,5673900
2016-02-16,30.129998999999998,30.4,29.41,30.35,29.846054,4665500
2016-02-17,30.57,31.08,30.379998999999998,30.780001000000002,30.268915000000003,3621200
2016-02-18,30.809998999999998,31.0,30.110001,30.23,29.728045,2575600
2016-02-19,29.92,30.0,29.18,29.610001,29.118340000000003,4085700
2016-02-22,29.92,30.290001,29.49,29.9,29.403526,3647100
2016-02-23,29.799999,30.299999,29.440001000000002,29.57,29.079003999999998,3745700
2016-02-24,29.27,29.51,28.540001,29.42,28.931497999999998,3500600
2016-02-25,29.610001,29.950001,29.209999,29.950001,29.452694,2500300
2016-02-26,30.16,30.5,29.83,30.25,29.747713,3213900
2016-02-29,30.17,30.719998999999998,30.07,30.120001000000002,29.619873,3192700
2016-03-01,30.67,31.290001,30.6,31.23,30.711439000000002,3138400
2016-03-02,31.08,31.5,31.02,31.41,30.888454,2557700
2016-03-03,31.280001000000002,32.169998,31.110001,32.07,31.537497,3604100
2016-03-04,31.780001000000002,32.549999,31.559998999999998,32.529999,31.989857,3522200
2016-03-07,32.25,32.689999,32.220001,32.470001,31.930857,3000200
2016-03-08,32.150002,32.490002000000004,31.870001000000002,32.23,31.694838,4587400
2016-03-09,32.450001,32.790001000000004,32.310001,32.470001,31.930857,2832200
2016-03-10,32.5,32.689999,31.719998999999998,31.9,31.370317,3718200
2016-03-11,32.220001,33.040001000000004,32.009997999999996,33.029999,32.481552,2999100
2016-03-14,32.810001,33.0,32.220001,32.41,31.871845,3030300
2016-03-15,32.259997999999996,32.779999,31.93,32.73,32.186539,3031800
2016-03-16,32.639998999999996,33.169998,32.560001,33.07,32.520889000000004,3244000
2016-03-17,32.82,33.110001000000004,32.549999,32.560001,32.01936,3717200
2016-03-18,32.5,32.799999,32.32,32.41,31.871845,7064400
2016-03-21,32.25,32.91,32.23,32.790001000000004,32.245537,2293900
2016-03-22,32.740002000000004,32.98,32.48,32.759997999999996,32.216038,2157700
2016-03-23,32.669998,32.73,32.200001,32.209998999999996,31.675169,2421800
2016-03-24,32.0,32.349998,31.719998999999998,32.18,31.645670000000003,1924300
2016-03-28,32.18,32.27,31.860001,32.0,31.468657,1513400
2016-03-29,31.799999,32.740002000000004,31.73,32.619999,32.078362,2215900
2016-03-30,32.860001000000004,33.330002,32.57,32.77,32.225868,2149800
2016-03-31,32.720001,33.040001000000004,32.599998,32.98,32.432381,3066100
2016-04-01,32.669998,32.830002,32.220001,32.490002000000004,31.950522999999997,2197600
2016-04-04,32.369999,32.450001,31.280001000000002,31.389999,30.868784,2861500
2016-04-05,31.139999,31.51,30.809998999999998,31.25,30.731108000000003,4906200
2016-04-06,31.27,31.33,30.82,31.219998999999998,30.701611,3686300
2016-04-07,31.75,31.799999,30.98,31.139999,30.622936,4379100
2016-04-08,31.41,31.5,30.74,30.959999,30.445925,2700300
2016-04-11,31.17,31.6,31.02,31.110001,30.593434999999996,2315400
2016-04-12,31.120001000000002,31.51,30.93,31.23,30.711439000000002,2479500
2016-04-13,31.49,32.240002000000004,31.32,32.110001000000004,31.576828000000003,3105900
2016-04-14,32.119999,32.279999,31.77,31.940001000000002,31.409654999999997,1679900
2016-04-15,31.99,32.040001000000004,31.530001000000002,32.0,31.468657,2004000
2016-04-18,31.780001000000002,32.279999,31.780001000000002,31.99,31.458821999999998,1638400
2016-04-19,32.220001,32.599998,31.809998999999998,32.150002,31.616165000000002,2643700
2016-04-20,32.150002,32.549999,32.049999,32.299999,31.763673999999998,1990100
2016-04-21,32.310001,32.630001,32.09,32.290001000000004,31.753845000000002,1467400
2016-04-22,32.279999,32.560001,32.09,32.380001,31.842347999999998,2115600
2016-04-25,32.380001,32.380001,31.879998999999998,32.220001,31.685007000000002,1469200
2016-04-26,32.23,32.919998,32.130001,32.779999,32.235703,2390500
2016-04-27,29.67,31.139999,29.469998999999998,30.34,29.836221999999996,12536400
2016-04-28,30.02,30.68,29.76,29.889999,29.461664000000003,4693300
2016-04-29,29.74,29.940001000000002,28.52,28.969998999999998,28.55485,6996800
2016-05-02,29.209999,29.209999,28.57,28.77,28.357714,4475800
2016-05-03,28.42,28.59,27.74,28.43,28.022589,3586200
2016-05-04,28.15,28.290001,27.6,27.73,27.332619,6426700
2016-05-05,27.99,28.190001000000002,27.68,27.889999,27.490323999999998,4408900
2016-05-06,27.809998999999998,28.209999,27.629998999999998,28.190001000000002,27.786028,4761800
2016-05-09,28.290001,28.620001000000002,28.17,28.18,27.776171,3182500
2016-05-10,28.299999,28.629998999999998,28.24,28.41,28.002874,2949800
2016-05-11,28.389999,28.66,27.940001000000002,27.950001,27.549467,2303500
2016-05-12,28.059998999999998,28.49,27.799999,27.99,27.588891999999998,2173500
2016-05-13,27.85,28.41,27.59,27.65,27.253765,2288900
2016-05-16,27.75,28.0,27.469998999999998,27.559998999999998,27.165053999999998,3945100
2016-05-17,27.450001,27.969998999999998,27.33,27.49,27.096059999999998,3523000
2016-05-18,27.440001000000002,27.83,27.190001000000002,27.41,27.017204,2530600
2016-05-19,27.190001000000002,27.42,26.85,27.059998999999998,26.672220000000003,3307200
2016-05-20,27.25,27.629998999999998,27.07,27.17,26.780642999999998,2888300
2016-05-23,27.200001,27.35,26.84,26.93,26.544083,2448400
2016-05-24,27.42,27.99,27.190001000000002,27.889999,27.490323999999998,3783600
2016-05-25,27.959999,28.120001000000002,27.530001000000002,27.59,27.194626,4607800
2016-05-26,27.559998999999998,27.790001,27.370001000000002,27.370001000000002,26.977777000000003,2895600
2016-05-27,27.4,27.799999,27.4,27.790001,27.391759999999998,2308100
2016-05-31,27.91,28.049999,27.790001,27.969998999999998,27.56918,3456000
2016-06-01,27.780001000000002,27.91,27.190001000000002,27.379998999999998,26.987637,3326400
2016-06-02,27.379998999999998,27.74,27.32,27.49,27.096059999999998,1808100
2016-06-03,27.32,27.370001000000002,26.709999,27.120001000000002,26.731363,2756800
2016-06-06,27.01,27.17,26.74,27.16,26.770785999999998,3701400
2016-06-07,27.190001000000002,27.6,27.040001,27.34,26.948208,2500600
2016-06-08,27.299999,28.01,27.25,27.92,27.519896000000003,3049500
2016-06-09,27.92,27.950001,27.48,27.74,27.342476,2289600
2016-06-10,27.440001000000002,27.780001000000002,27.25,27.42,27.027061,3331600
2016-06-13,27.379998999999998,27.43,27.0,27.01,26.622936,2235700
2016-06-14,27.0,27.07,26.379998999999998,26.6,26.218811,2911900
2016-06-15,26.620001000000002,27.27,26.51,26.83,26.445515000000004,2164500
2016-06-16,26.6,27.129998999999998,26.290001,27.08,26.691934999999997,2744300
2016-06-17,26.98,27.379998999999998,26.889999,27.35,26.958065,3719000
2016-06-20,27.719998999999998,28.07,27.530001000000002,27.559998999999998,27.165053999999998,2094900
2016-06-21,27.540001,27.540001,27.059998999999998,27.23,26.839783,2270900
2016-06-22,27.209999,27.59,27.01,27.200001,26.810215000000003,2064200
2016-06-23,27.42,27.719998999999998,27.32,27.41,27.017204,2848200
2016-06-24,26.120001000000002,26.51,25.530001000000002,25.57,25.203571,6281900
2016-06-27,25.209999,25.209999,24.4,24.530001000000002,24.178476,5707900
2016-06-28,24.700001,25.34,24.65,25.26,24.898016000000002,3937200
2016-06-29,25.219998999999998,25.610001,25.219998999999998,25.43,25.065579999999997,3629700
2016-06-30,25.559998999999998,25.66,25.17,25.66,25.292284,4783600
2016-07-01,25.709999,26.52,25.700001,25.9,25.528843,3156800
2016-07-05,25.75,25.790001,24.85,24.93,24.572742,3491300
2016-07-06,24.84,25.27,24.309998999999998,25.25,24.888157,3430400
2016-07-07,25.290001,25.85,25.290001,25.620001000000002,25.252855,2425000
2016-07-08,25.889999,26.74,25.889999,26.530001000000002,26.149817000000002,4147500
2016-07-11,26.709999,27.120001000000002,26.59,26.66,26.277953999999998,2779700
2016-07-12,26.940001000000002,27.610001,26.9,27.110001,26.721502,4518800
2016-07-13,27.139999,27.280001000000002,26.52,26.58,26.199099,4686700
2016-07-14,26.91,27.0,26.51,26.639999,26.25824,3400300
2016-07-15,26.73,26.73,26.360001,26.52,26.139961,2764000
2016-07-18,26.52,26.610001,26.26,26.52,26.139961,2155400
2016-07-19,26.48,26.690001000000002,26.370001000000002,26.530001000000002,26.149817000000002,2743200
2016-07-20,26.59,26.799999,26.49,26.629998999999998,26.248381,1577100
2016-07-21,26.700001,27.15,26.700001,27.08,26.691934999999997,2152500
2016-07-22,26.950001,27.110001,26.700001,27.049999,26.662363,1617200
2016-07-25,27.040001,27.43,26.870001000000002,27.01,26.622936,2317600
2016-07-26,27.110001,28.01,26.860001,27.91,27.510040000000004,5001200
2016-07-27,28.82,29.49,28.6,29.09,28.673128000000002,8635800
2016-07-28,28.809998999999998,28.83,28.309998999999998,28.74,28.396475,3953400
2016-07-29,28.690001000000002,29.09,28.51,28.67,28.327312,2848400
2016-08-01,28.65,28.84,28.43,28.780001000000002,28.435999,3670900
2016-08-02,28.6,28.709999,27.540001,27.57,27.240459,4817100
2016-08-03,27.540001,27.969998999999998,27.530001000000002,27.92,27.586277000000003,3327500
2016-08-04,27.940001000000002,28.5,27.940001000000002,28.15,27.813528,3151600
2016-08-05,28.34,28.719998999999998,28.200001,28.23,27.892571999999998,1820900
2016-08-08,28.299999,28.5,28.030001000000002,28.129998999999998,27.793765999999998,1762700
2016-08-09,28.09,28.35,27.950001,27.959999,27.625799,1921900
2016-08-10,28.040001,28.16,27.700001,28.049999,27.714722,2058000
2016-08-11,28.34,29.57,28.309998999999998,29.530001000000002,29.177034000000003,5976900
2016-08-12,29.49,29.49,29.01,29.299999,28.949781,4799800
2016-08-15,29.23,29.549999,29.209999,29.440001000000002,29.088108000000002,2499400
2016-08-16,29.309998999999998,29.42,28.85,28.85,28.505160999999998,1884200
2016-08-17,28.82,29.16,28.299999,28.629998999999998,28.28779,2671000
2016-08-18,28.58,29.35,28.58,29.120001000000002,28.771933,3441000
2016-08-19,28.950001,29.42,28.950001,29.18,28.831217,2968500
2016-08-22,29.190001000000002,29.290001,28.950001,29.280001000000002,28.930021000000004,1823300
2016-08-23,29.42,29.559998999999998,29.209999,29.42,29.068347999999997,2479300
2016-08-24,29.42,29.559998999999998,29.309998999999998,29.43,29.078228000000003,1824700
2016-08-25,29.34,29.41,29.139999,29.16,28.811457,1743300
2016-08-26,29.24,29.450001,28.85,29.01,28.66325,1903400
2016-08-29,28.91,29.17,28.85,28.93,28.584208,1960900
2016-08-30,29.030001000000002,29.450001,28.93,29.059998999999998,28.712652000000002,2715800
2016-08-31,29.01,29.450001,29.01,29.35,28.999184000000003,2252200
2016-09-01,29.360001,29.719998999999998,29.01,29.200001,28.850977,3284300
2016-09-02,29.4,29.75,29.139999,29.73,29.374640999999997,1631000
2016-09-06,30.6,31.4,30.549999,31.16,30.78755,5664400
2016-09-07,31.110001,31.280001000000002,30.92,31.0,30.629463,3355900
2016-09-08,30.84,31.440001000000002,30.82,31.32,30.945636999999998,4673300
2016-09-09,31.02,31.27,30.26,30.26,29.898308,4065200
2016-09-12,30.120001000000002,31.450001,30.01,31.309998999999998,30.935757000000002,4194600
2016-09-13,31.0,31.549999,30.719998999999998,31.059998999999998,30.688745,4086200
2016-09-14,30.98,31.18,30.690001000000002,30.809998999999998,30.441732000000002,4915800
2016-09-15,32.290001000000004,32.700001,31.700001,32.389998999999996,32.00285,8355000
2016-09-16,32.259997999999996,32.549999,31.82,32.419998,32.03249,6430500
2016-09-19,32.599998,32.849998,32.09,32.220001,31.834883,3999500
2016-09-20,32.27,32.5,31.629998999999998,31.91,31.528586999999998,3436200
2016-09-21,31.870001000000002,32.189999,31.530001000000002,32.049999,31.666912,3239500
2016-09-22,32.23,32.59,32.119999,32.419998,32.03249,2544200
2016-09-23,32.290001000000004,32.57,32.240002000000004,32.299999,31.913921000000002,2180500
2016-09-26,32.110001000000004,32.240002000000004,31.67,31.74,31.360616999999998,2080700
2016-09-27,31.700001,31.959999,31.549999,31.9,31.518703000000002,2505800
2016-09-28,31.9,32.849998,31.889999,32.82,32.427710999999995,4738100
2016-09-29,32.68,32.82,31.469998999999998,31.73,31.350737,4319700
2016-09-30,32.0,32.450001,31.719998999999998,32.299999,31.913921000000002,3174400
2016-10-03,32.259997999999996,32.59,32.209998999999996,32.509997999999996,32.121414,3806800
2016-10-04,32.540001000000004,32.790001000000004,32.110001000000004,32.23,31.844759000000003,2375800
2016-10-05,32.5,32.98,32.27,32.66,32.269619,2634200
2016-10-06,32.369999,32.959998999999996,32.25,32.860001000000004,32.467228000000006,2423000
2016-10-07,32.990002000000004,33.060001,32.610001000000004,32.830002,32.437591999999995,2547400
2016-10-10,32.900002,33.330002,32.459998999999996,32.5,32.111534000000006,1682700
2016-10-11,32.470001,32.73,31.870001000000002,32.150002,31.765717,3102500
2016-10-12,32.23,32.369999,31.860001,31.92,31.538465000000002,2552800
2016-10-13,31.549999,31.879998999999998,31.360001,31.66,31.281574,2185700
2016-10-14,31.93,32.049999,31.25,31.25,30.876471999999996,2429000
2016-10-17,31.17,31.299999,30.870001000000002,31.09,30.718386,3664800
2016-10-18,31.469998999999998,31.48,30.959999,31.110001,30.738148,2502100
2016-10-19,31.08,32.32,31.08,32.220001,31.834883,3318700
2016-10-20,32.080002,32.220001,31.639999,31.74,31.360616999999998,2428700
2016-10-21,31.559998999999998,31.83,31.209999,31.6,31.22229,1964500
2016-10-24,31.77,32.110001000000004,31.700001,31.719998999999998,31.340854999999998,2003600
2016-10-25,31.549999,31.700001,30.98,31.120001000000002,30.748028,2859800
2016-10-26,31.040001,31.5,31.02,31.209999,30.836952,2069500
2016-10-27,31.34,31.530001000000002,30.74,31.08,30.708508000000002,3735000
2016-10-28,27.540001,28.91,26.82,28.290001,28.042082,12483800
2016-10-31,28.389999,29.41,28.389999,29.030001000000002,28.775596999999998,4956300
2016-11-01,29.02,29.27,27.5,27.940001000000002,27.695147,5475000
2016-11-02,28.0,28.24,27.76,27.9,27.655496999999997,4839700
2016-11-03,27.889999,28.290001,27.75,27.91,27.665411,2801500
2016-11-04,27.93,28.27,27.780001000000002,27.790001,27.546463,3258200
2016-11-07,28.25,28.309998999999998,27.969998999999998,28.08,27.833920000000003,2843900
2016-11-08,27.99,28.549999,27.65,28.440001000000002,28.190765000000003,2946300
2016-11-09,27.799999,28.43,27.59,28.23,27.982607,4519300
2016-11-10,28.440001000000002,29.610001,28.190001000000002,29.299999,29.043228000000003,6021800
2016-11-11,29.209999,29.469998999999998,29.02,29.25,28.993668,2810000
2016-11-14,29.309998999999998,30.32,29.309998999999998,30.15,29.88578,4265200
2016-11-15,30.950001,31.209999,30.15,30.99,30.718418,4169500
2016-11-16,30.809998999999998,30.860001,30.42,30.48,30.212887,3080900
2016-11-17,30.469998999999998,30.610001,30.15,30.57,30.302099,2451200
2016-11-18,30.870001000000002,30.870001000000002,30.1,30.139999,29.875868,2393600
2016-11-21,30.1,30.370001000000002,29.75,29.92,29.657795,3413800
2016-11-22,30.309998999999998,30.549999,29.790001,30.469998999999998,30.202976,3727600
2016-11-23,30.5,31.040001,30.41,30.92,30.649031,2332000
2016-11-25,31.059998999999998,31.440001000000002,30.99,31.16,30.88693,1300900
2016-11-28,31.0,31.190001000000002,30.549999,30.75,30.480520000000002,2097600
2016-11-29,30.950001,31.35,30.6,31.139999,30.867103999999998,2799500
2016-11-30,31.15,31.17,30.57,30.690001000000002,30.421049,3491000
2016-12-01,30.75,31.639999,30.5,30.52,30.252537,3809100
2016-12-02,30.549999,30.91,29.75,29.77,29.509110999999997,2701900
2016-12-05,29.950001,30.440001000000002,29.77,30.139999,29.875868,2633600
2016-12-06,30.219998999999998,30.27,29.559998999999998,29.98,29.717268,5692700
2016-12-07,30.059998999999998,31.6,30.01,31.459999,31.184298,5304300
2016-12-08,31.309998999999998,31.959999,31.15,31.889999,31.610530999999998,2258500
2016-12-09,31.76,32.27,31.5,32.18,31.897989000000003,2685800
2016-12-12,33.0,33.040001000000004,32.25,32.450001,32.165623,4219400
2016-12-13,32.580002,33.360001000000004,32.580002,33.209998999999996,32.918964,3677100
2016-12-14,33.009997999999996,33.110001000000004,32.41,32.439999,32.155712,4033700
2016-12-15,32.400002,33.080002,31.91,32.990002000000004,32.700893,2947100
2016-12-16,32.990002000000004,33.240002000000004,32.27,32.34,32.056587,4851900
2016-12-19,32.450001,32.48,31.76,32.029999,31.749306,3741700
2016-12-20,32.169998,32.470001,31.940001000000002,32.130001,31.848429,2420600
2016-12-21,32.16,32.299999,31.99,32.060001,31.779045,2219200
2016-12-22,32.200001,32.200001,31.4,31.5,31.223948999999998,1639100
2016-12-23,31.559998999999998,31.799999,31.379998999999998,31.639999,31.362721999999998,1195600
2016-12-27,31.690001000000002,31.969998999999998,31.690001000000002,31.889999,31.610530999999998,847000
2016-12-28,32.0,32.150002,31.17,31.200001,30.926578999999997,1373200
2016-12-29,31.25,31.610001,31.01,31.129998999999998,30.857190999999997,1185500
2016-12-30,31.23,31.370001000000002,30.610001,30.870001000000002,30.599472,1929400
2017-01-03,31.040001,31.83,30.950001,31.190001000000002,30.916665999999996,2704500
2017-01-04,31.280001000000002,32.02,31.17,32.0,31.719565999999997,2897100
2017-01-05,31.82,32.049999,31.450001,31.49,31.214037,1971100
2017-01-06,31.690001000000002,31.99,31.209999,31.84,31.56097,2152400
2017-01-09,31.85,32.200001,31.690001000000002,31.84,31.56097,2779500
2017-01-10,31.780001000000002,32.34,31.66,32.07,31.788953999999997,1923400
2017-01-11,32.110001000000004,32.27,31.059998999999998,31.18,30.906755,4824500
2017-01-12,31.0,31.07,30.1,30.59,30.321924,3285700
2017-01-13,30.549999,30.790001,30.530001000000002,30.74,30.470609999999997,1597700
2017-01-17,30.49,31.17,30.43,30.809998999999998,30.539996999999996,1913100
2017-01-18,30.93,30.98,30.379998999999998,30.540001,30.272364000000003,2443300
2017-01-19,30.549999,30.610001,30.219998999999998,30.389999,30.123676,1892100
2017-01-20,30.540001,30.940001000000002,30.219998999999998,30.52,30.252537,2043700
2017-01-23,30.43,30.559998999999998,30.23,30.450001,30.183151000000002,1767600
2017-01-24,30.49,31.18,30.370001000000002,31.059998999999998,30.787803999999998,2572900
2017-01-25,31.34,31.76,31.18,31.610001,31.332987,2357300
2017-01-26,31.639999,31.790001,31.35,31.709999,31.432108000000003,2285500
2017-01-27,31.620001000000002,31.68,30.99,31.309998999999998,31.035612,3371300
2017-01-30,31.120001000000002,31.35,30.75,31.34,31.164888,1809000
2017-01-31,31.17,32.43,31.1,32.389998999999996,32.209019,3114800
2017-02-01,32.5,32.700001,31.9,32.110001000000004,31.930588,3357400
2017-02-02,31.950001,32.369999,31.700001,32.07,31.890808000000003,2486400
2017-02-03,32.290001000000004,32.650002,31.99,32.049999,31.87092,3934200
2017-02-06,31.91,32.299999,31.780001000000002,32.23,32.049915000000006,3087700
2017-02-07,32.330002,32.450001,31.969998999999998,32.240002000000004,32.05986,4740100
2017-02-08,31.49,32.330002,31.0,32.130001,31.950474,5598400
2017-02-09,32.240002000000004,33.990002000000004,32.200001,33.240002000000004,33.054276,5420900
2017-02-10,33.299999,33.77,33.150002,33.720001,33.53159,3790900
2017-02-13,33.700001,35.740002000000004,33.700001,35.709998999999996,35.510471,7320700
2017-02-14,35.810001,36.419998,35.59,35.759997999999996,35.560188000000004,5830300
2017-02-15,35.630001,36.23,35.610001000000004,36.169998,35.967898999999996,3146700
2017-02-16,36.200001,36.349998,35.860001000000004,36.16,35.957954,2092500
2017-02-17,35.900002,36.400002,35.880001,36.07,35.868458000000004,3857100
2017-02-21,36.110001000000004,36.610001000000004,36.009997999999996,36.290001000000004,36.087231,3242200
2017-02-22,36.279999,36.349998,35.860001000000004,35.950001,35.749126000000004,3738700
2017-02-23,36.049999,36.279999,35.450001,35.5,35.301643,3742700
2017-02-24,34.799999,35.43,34.790001000000004,35.360001000000004,35.162426,3232500
2017-02-27,35.360001000000004,35.490002000000004,35.119999,35.259997999999996,35.062981,2559600
2017-02-28,35.189999,35.220001,34.790001000000004,35.049999,34.85416,3594200
2017-03-01,35.59,36.25,35.360001000000004,35.759997999999996,35.560188000000004,2543600
2017-03-02,35.52,36.330002,35.48,36.150002,35.948013,3613200
2017-03-03,36.02,36.299999,35.529999,35.610001000000004,35.41103,2308600
2017-03-06,35.419998,35.540001000000004,35.27,35.330002,35.132595,2053400
2017-03-07,35.279999,35.439999,35.110001000000004,35.27,35.072928999999995,2120100
2017-03-08,35.279999,35.529999,35.200001,35.349998,35.152481,1738600
2017-03-09,35.099998,35.599998,34.990002000000004,35.310001,35.112709,2067700
2017-03-10,35.619999,35.82,35.299999,35.459998999999996,35.261864,1498100
2017-03-13,35.48,36.099998,35.48,35.799999,35.599968,1962000
2017-03-14,35.73,36.650002,35.619999,36.41,36.206558,2869300
2017-03-15,36.52,37.02,36.23,36.880001,36.673935,2677200
2017-03-16,36.98,37.200001,36.68,36.810001,36.604328,1921200
2017-03-17,36.810001,36.830002,36.290001000000004,36.639998999999996,36.435276,4092200
2017-03-20,36.669998,36.689999,36.380001,36.5,36.296054999999996,1512100
2017-03-21,36.610001000000004,36.880001,35.740002000000004,35.919998,35.719296,2692600
2017-03-22,35.849998,36.27,35.709998999999996,35.990002000000004,35.788906,2997700
2017-03-23,35.919998,36.23,35.540001000000004,35.959998999999996,35.759071,1837200
2017-03-24,36.029999,36.369999,35.830002,35.939999,35.739185,1914200
2017-03-27,35.619999,36.040001000000004,35.419998,35.990002000000004,35.788906,2174800
2017-03-28,36.009997999999996,36.630001,35.849998,36.509997999999996,36.306,2161100
2017-03-29,36.490002000000004,36.779999,36.139998999999996,36.189999,35.987784999999995,1843100
2017-03-30,35.34,35.889998999999996,35.200001,35.790001000000004,35.590022999999995,2703600
2017-03-31,35.77,36.09,35.689999,36.0,35.798851,4146700
2017-04-03,36.07,36.09,33.830002,35.279999,35.082874,2725700
2017-04-04,35.18,35.439999,34.509997999999996,34.599998,34.40667,4227400
2017-04-05,34.91,35.52,34.709998999999996,34.900002,34.704997999999996,3589200
2017-04-06,34.970001,35.41,34.740002000000004,35.209998999999996,35.013264,2736300
2017-04-07,35.16,35.279999,34.900002,35.18,34.983433000000005,1884700
2017-04-10,35.110001000000004,35.439999,34.889998999999996,35.220001,35.023209,1898700
2017-04-11,35.119999,35.66,34.82,35.639998999999996,35.440861,2346900
2017-04-12,35.759997999999996,35.759997999999996,34.34,34.389998999999996,34.197845,4098300
2017-04-13,34.459998999999996,34.759997999999996,34.07,34.139998999999996,33.949242,2800500
2017-04-17,34.32,34.939999,34.09,34.939999,34.744774,2256700
2017-04-18,34.66,34.919998,34.349998,34.700001,34.506115,2149400
2017-04-19,34.860001000000004,35.32,34.73,34.830002,34.635387,2248500
2017-04-20,35.029999,35.799999,34.75,35.740002000000004,35.540306,3778600
2017-04-21,35.709998999999996,35.73,35.169998,35.349998,35.152481,2651900
2017-04-24,35.900002,36.029999,35.689999,35.91,35.709354,1576200
2017-04-25,36.0,36.060001,35.66,35.860001000000004,35.659634000000004,1862200
2017-04-26,35.950001,36.07,35.779999,35.91,35.709354,3099800
2017-04-27,35.16,35.919998,34.82,35.450001,35.350365000000004,3873900
2017-04-28,35.259997999999996,36.740002000000004,35.25,36.23,36.128170000000004,4335700
2017-05-01,36.360001000000004,36.650002,35.580002,35.610001000000004,35.509914,2349000
2017-05-02,35.66,35.880001,34.919998,35.27,35.170871999999996,2783200
2017-05-03,35.220001,35.549999,34.959998999999996,35.18,35.081123,1759100
2017-05-04,35.25,35.360001000000004,34.779999,35.299999,35.200787,1590400
2017-05-05,35.439999,35.529999,34.779999,35.34,35.240673,1799000
2017-05-08,35.470001,35.790001000000004,35.110001000000004,35.25,35.150925,1231600
2017-05-09,35.259997999999996,35.66,35.130001,35.509997999999996,35.410194,1600500
2017-05-10,35.32,35.459998999999996,34.990002000000004,35.439999,35.340389,1616200
2017-05-11,35.310001,35.639998999999996,34.98,35.310001,35.210758,2234700
2017-05-12,35.139998999999996,35.259997999999996,34.27,34.330002,34.233513,2236200
2017-05-15,34.330002,34.43,33.959998999999996,34.189999,34.093903000000005,2797400
2017-05-16,34.18,34.330002,33.540001000000004,33.560001,33.465678999999994,2431400
2017-05-17,33.139998999999996,33.380001,32.16,32.259997999999996,32.169327,3698000
2017-05-18,32.290001000000004,32.549999,31.92,32.060001,31.969894,3527700
2017-05-19,32.18,32.330002,31.690001000000002,31.73,31.64082,2632600
2017-05-22,31.9,31.92,31.33,31.82,31.730565999999996,2735800
2017-05-23,31.870001000000002,32.169998,31.65,32.080002,31.989838,2940400
2017-05-24,32.110001000000004,32.400002,31.98,32.310001,32.219193,3054600
2017-05-25,32.43,32.59,31.91,32.02,31.930006,2849400
2017-05-26,32.040001000000004,32.630001,31.940001000000002,32.599998,32.508373,2950800
2017-05-30,32.52,32.84,32.049999,32.09,31.999807,2377100
2017-05-31,32.630001,32.650002,31.92,32.220001,32.129444,3317300
2017-06-01,34.25,34.639998999999996,33.700001,34.549999,34.452892,7619900
2017-06-02,34.709998999999996,34.75,34.0,34.27,34.173683000000004,3733000
2017-06-05,34.450001,34.84,34.310001,34.389998999999996,34.293343,3062600
2017-06-06,34.16,34.709998999999996,33.91,34.599998,34.50275,2150400
2017-06-07,34.830002,35.34,34.669998,35.189999,35.091095,3440700
2017-06-08,34.93,35.259997999999996,34.509997999999996,35.169998,35.071148,2809000
2017-06-09,35.330002,35.540001000000004,35.049999,35.450001,35.350365000000004,2291900
2017-06-12,35.529999,36.150002,35.27,35.75,35.649521,2350000
2017-06-13,35.720001,35.720001,35.299999,35.669998,35.569744,3176000
2017-06-14,35.59,35.759997999999996,34.439999,34.880001,34.781967,3564500
2017-06-15,34.259997999999996,34.759997999999996,34.130001,34.650002,34.552616,3165500
2017-06-16,34.279999,34.66,33.299999,33.509997999999996,33.415813,3816000
2017-06-19,33.639998999999996,33.66,33.220001,33.630001,33.53548,1793300
2017-06-20,34.080002,34.139998999999996,33.099998,33.18,33.086746000000005,4239200
2017-06-21,33.23,33.700001,33.130001,33.630001,33.53548,2668000
2017-06-22,33.529999,33.849998,33.18,33.43,33.336040000000004,1665100
2017-06-23,33.400002,33.779999,33.299999,33.650002,33.555424,1879000
2017-06-26,33.68,34.220001,33.66,34.099998,34.004158000000004,1888200
2017-06-27,34.049999,34.529999,33.75,34.349998,34.253456,3180400
2017-06-28,34.060001,34.950001,34.060001,34.830002,34.732109,2718600
2017-06-29,34.82,35.110001000000004,34.57,34.709998999999996,34.612442,3040700
2017-06-30,34.900002,35.240002000000004,34.810001,34.959998999999996,34.861740000000005,4047100
2017-07-03,35.139998999999996,35.720001,34.950001,34.959998999999996,34.861740000000005,1532800
2017-07-05,35.099998,35.23,34.75,35.07,34.971432,1968200
2017-07-06,34.959998999999996,35.119999,34.389998999999996,35.099998,35.001346999999996,2035900
2017-07-07,35.209998999999996,35.720001,35.099998,35.470001,35.370308,1663300
2017-07-10,35.57,35.759997999999996,35.32,35.650002,35.549805,2612100
2017-07-11,35.669998,36.060001,35.529999,35.900002,35.799103,1945600
2017-07-12,36.189999,36.34,36.0,36.060001,35.958652,1789500
2017-07-13,36.119999,36.34,35.93,36.049999,35.948677,1483900
2017-07-14,36.119999,36.34,36.07,36.27,36.16806,1141700
2017-07-17,36.290001000000004,36.52,36.209998999999996,36.310001,36.207947,1360400
2017-07-18,36.169998,36.169998,35.529999,35.700001,35.599663,1700400
2017-07-19,35.68,35.91,35.650002,35.759997999999996,35.659492,1340500
2017-07-20,35.759997999999996,36.080002,35.689999,35.919998,35.819041999999996,1600300
2017-07-21,35.509997999999996,35.75,35.240002000000004,35.400002,35.300507,2405700
2017-07-24,35.360001000000004,35.529999,34.98,35.16,35.06118,2004200
2017-07-25,35.32,35.939999,35.279999,35.830002,35.729298,2079300
2017-07-26,35.900002,35.950001,35.580002,35.790001000000004,35.689411,1784600
2017-07-27,36.040001000000004,36.209998999999996,35.439999,35.580002,35.48,2685900
2017-07-28,31.75,32.93,30.629998999999998,32.509997999999996,32.509997999999996,18004400
2017-07-31,32.66,32.709998999999996,31.25,31.51,31.51,9642200
2017-08-01,31.58,31.58,30.700001,31.48,31.48,8138900
2017-08-02,31.469998999999998,31.83,30.959999,31.43,31.43,6237400
2017-08-03,31.91,32.0,30.91,31.110001,31.110001,5755500
2017-08-04,31.059998999999998,31.379998999999998,30.99,31.200001,31.200001,5078800
2017-08-07,31.200001,31.76,31.200001,31.459999,31.459999,3855300
2017-08-08,31.41,31.73,31.4,31.48,31.48,2459700
2017-08-09,31.299999,31.6,30.969998999999998,31.200001,31.200001,3843600
2017-08-10,31.09,31.200001,30.370001000000002,30.43,30.43,4102200
2017-08-11,30.58,30.620001000000002,30.190001000000002,30.27,30.27,1891800
2017-08-14,30.5,30.59,30.139999,30.23,30.23,2572500
2017-08-15,30.32,30.52,30.139999,30.299999,30.299999,2732500
2017-08-16,30.43,30.530001000000002,30.25,30.290001,30.290001,2015000
2017-08-17,30.139999,30.290001,29.790001,29.91,29.91,2987300
2017-08-18,29.91,30.02,29.6,29.75,29.75,1851800
2017-08-21,29.709999,29.780001000000002,29.450001,29.74,29.74,2940000
2017-08-22,29.84,30.07,29.74,29.940001000000002,29.940001000000002,1755900
2017-08-23,29.77,30.059998999999998,29.709999,29.77,29.77,1438600
2017-08-24,29.860001,30.110001,29.73,29.959999,29.959999,2133700
2017-08-25,30.09,30.290001,29.99,30.07,30.07,1975200
2017-08-28,30.15,30.35,30.08,30.32,30.32,1409200
2017-08-29,30.049999,30.26,29.83,30.200001,30.200001,1783200
2017-08-30,30.23,30.24,29.870001000000002,29.98,29.98,2740900
2017-08-31,30.18,30.43,30.040001,30.299999,30.299999,1859200
2017-09-01,30.440001000000002,30.879998999999998,30.389999,30.540001,30.540001,1728200
2017-09-05,30.49,30.74,30.280001000000002,30.41,30.41,1867700
2017-09-06,30.41,30.780001000000002,30.34,30.440001000000002,30.440001000000002,1641200
2017-09-07,30.530001000000002,30.530001000000002,30.15,30.290001,30.290001,3526800
2017-09-08,30.309998999999998,30.48,30.129998999999998,30.309998999999998,30.309998999999998,1303500
2017-09-11,30.77,31.809998999999998,30.74,31.549999,31.549999,5611300
2017-09-12,32.0,32.889998999999996,31.889999,32.630001,32.630001,3875600
2017-09-13,32.650002,32.689999,32.27,32.299999,32.299999,2090700
2017-09-14,32.23,32.529999,32.080002,32.25,32.25,2496000
2017-09-15,32.07,32.470001,31.809998999999998,32.43,32.43,2968900
2017-09-18,32.459998999999996,32.580002,32.310001,32.380001,32.380001,1536100
2017-09-19,32.380001,32.400002,31.77,32.080002,32.080002,2135000
2017-09-20,32.189999,32.419998,31.959999,32.27,32.27,2203600
2017-09-21,32.360001000000004,32.529999,32.220001,32.459998999999996,32.459998999999996,1411100
2017-09-22,32.240002000000004,32.639998999999996,32.099998,32.57,32.57,1514600
2017-09-25,32.509997999999996,32.970001,32.509997999999996,32.91,32.91,2128600
2017-09-26,32.869999,33.259997999999996,32.77,33.02,33.02,3699900
2017-09-27,33.130001,33.709998999999996,32.939999,33.290001000000004,33.290001000000004,3121500
2017-09-28,33.25,33.330002,32.84,33.060001,33.060001,2499300
2017-09-29,33.099998,33.290001000000004,32.959998999999996,33.25,33.25,2432400
2017-10-02,33.259997999999996,33.599998,33.110001000000004,33.57,33.57,1561000
2017-10-03,33.869999,33.990002000000004,33.220001,33.310001,33.310001,1876700
2017-10-04,33.27,33.59,33.200001,33.360001000000004,33.360001000000004,1475200
2017-10-05,33.380001,33.5,33.099998,33.16,33.16,2813700
2017-10-06,33.209998999999996,33.259997999999996,32.720001,32.77,32.77,2575000
2017-10-09,32.84,32.889998999999996,32.349998,32.720001,32.720001,2717200
2017-10-10,32.869999,33.099998,32.630001,33.02,33.02,1879600
2017-10-11,33.299999,33.73,32.790001000000004,32.990002000000004,32.990002000000004,2668600
2017-10-12,32.849998,32.970001,32.400002,32.709998999999996,32.709998999999996,2261700
2017-10-13,32.860001000000004,33.240002000000004,32.779999,33.009997999999996,33.009997999999996,3661300
2017-10-16,32.950001,33.27,32.889998999999996,33.040001000000004,33.040001000000004,2323400
2017-10-17,33.049999,33.16,32.889998999999996,33.029999,33.029999,1747100
2017-10-18,33.220001,33.580002,33.220001,33.389998999999996,33.389998999999996,2134400
2017-10-19,33.209998999999996,33.610001000000004,32.82,33.599998,33.599998,2041800
2017-10-20,33.599998,34.02,33.41,33.939999,33.939999,2123600
2017-10-23,34.080002,34.099998,33.619999,33.91,33.91,2236800
2017-10-24,34.16,34.52,33.91,34.060001,34.060001,3018900
2017-10-25,33.98,33.990002000000004,33.529999,33.950001,33.950001,2170500
2017-10-26,34.0,34.029999,33.560001,33.669998,33.669998,4313500
2017-10-27,31.98,32.509997999999996,31.23,32.18,32.18,10642600
2017-10-30,31.0,31.68,30.299999,31.16,31.16,8271700
